        hue,r,g,b,hex,name
42.86,242,240,235,f2f0eb,snow-white
72,244,245,240,f4f5f0,bright-white
42.86,240,238,233,f0eee9,cloud-dancer
30,241,232,223,f1e8df,gardenia
50,240,238,228,f0eee4,marshmallow
120,231,233,231,e7e9e7,blanc-de-blanc
35,242,232,218,f2e8da,pristine
36.67,237,230,219,ede6db,whisper-white
45.6,225,219,200,e1dbc8,white-asparagus
38.18,221,213,199,ddd5c7,birch
40.91,222,215,200,ded7c8,turtledove
41.74,215,208,192,d7d0c0,bone-white
47.14,210,207,196,d2cfc4,silver-birch
43.64,240,234,218,f0eada,vanilla-ice
44.52,245,237,214,f5edd6,papyrus
37.78,237,227,210,ede3d2,antique-white
44.57,245,236,210,f5ecd2,winter-white
43.64,230,221,197,e6ddc5,cloud-cream
36.67,223,209,187,dfd1bb,angora
38.82,230,218,196,e6dac4,seedpearl
38.49,243,224,190,f3e0be,vanilla-custard
54.12,244,239,193,f4efc1,almond-oil
38.82,240,222,189,f0debd,alabaster-gleam
37.65,244,225,193,f4e1c1,vanilla
40.43,236,221,190,ecddbe,rutabaga
39.31,231,211,173,e7d3ad,banana-crepe
41.14,231,209,161,e7d1a1,italian-straw
34.62,224,213,198,e0d5c6,whitecap-gray
38.71,208,197,177,d0c5b1,fog
34.84,228,215,197,e4d7c5,white-swan
35.17,216,204,187,d8ccbb,sandshell
31.88,220,205,188,dccdbc,tapioca
36.32,219,204,181,dbccb5,creme-brulee
34.55,223,209,190,dfd1be,parchment
22.22,246,229,219,f6e5db,sheer-pink
26.9,238,222,209,eeded1,dew
20.69,243,224,214,f3e0d6,powder-puff
31.67,240,223,204,f0dfcc,pearled-ivory
31.67,237,220,201,eddcc9,white-smoke
30.73,243,223,202,f3dfca,ecru
34.09,239,220,195,efdcc3,navajo
12.86,231,220,217,e7dcd9,almost-mauve
3.16,245,227,226,f5e3e2,delicacy
6.67,242,226,224,f2e2e0,petal-pink
17.65,238,226,221,eee2dd,bridal-blush
22.76,246,228,217,f6e4d9,cream-pink
17.14,243,223,215,f3dfd7,angel-wing
20,229,217,211,e5d9d3,pastel-parchment
60,239,239,232,efefe8,star-white
60,226,226,218,e2e2da,lily-white
45,223,221,215,dfddd7,vaporous-gray
105,229,235,227,e5ebe3,summer-shower
81.82,224,228,217,e0e4d9,ice
85,221,226,214,dde2d6,frost
70,218,220,208,dadcd0,icicle
186.67,226,234,235,e2eaeb,bit-of-blue
84,225,227,222,e1e3de,mystic-blue
100,226,230,224,e2e6e0,bluewash
185,211,222,223,d3dedf,spa-blue
92.73,228,234,223,e4eadf,lightest-sky
172.5,216,232,230,d8e8e6,hint-of-mint
120,210,216,210,d2d8d2,murmur
160,221,224,223,dde0df,barely-blue
156,214,219,217,d6dbd9,blue-blush
105,211,217,209,d3d9d1,zephyr-blue
146.67,208,217,212,d0d9d4,blue-flower
155,203,215,210,cbd7d2,sprout-green
180,216,231,231,d8e7e7,billowing-sail
165.88,216,233,229,d8e9e5,hushed-green
35.77,229,208,177,e5d0b1,lambs-wool
30.94,223,192,159,dfc09f,winter-wheat
37,234,211,174,ead3ae,summer-melon
37.85,232,208,167,e8d0a7,chamomile
35.29,242,214,174,f2d6ae,cornhusk
34.29,245,215,175,f5d7af,apricot-gelato
35.74,218,199,171,dac7ab,biscotti
50,210,205,180,d2cdb4,asparagus-green
46.29,210,202,175,d2caaf,oyster-white
43.33,212,202,176,d4cab0,putty
48,210,203,175,d2cbaf,moth
40,215,202,176,d7cab0,wood-ash
42.44,203,191,162,cbbfa2,gravel
38.67,191,175,146,bfaf92,pale-khaki
52.94,218,216,201,dad8c9,light-gray
60,215,215,199,d7d7c7,silver-green
45.71,193,188,172,c1bcac,pelican
45,195,189,171,c3bdab,overcast
47.14,191,185,163,bfb9a3,tidal-foam
56.67,177,176,159,b1b09f,agate-gray
55,183,181,159,b7b59f,alfalfa
45.52,200,193,171,c8c1ab,castle-wall
39.31,203,193,174,cbc1ae,oyster-gray
32,196,182,166,c4b6a6,cement
42.86,174,166,146,aea692,spray-green
44.52,177,169,146,b1a992,eucalyptus
40.54,167,155,130,a79b82,twill
42.27,166,153,122,a6997a,olive-gray
34.55,156,142,123,9c8e7b,chinchilla
42.22,154,146,127,9a927f,seneca-rock
44.21,145,140,126,918c7e,laurel-oak
38.18,147,135,114,938772,coriander
30.91,153,137,120,998978,dune
33.85,138,121,99,8a7963,lead-gray
41.82,128,118,95,80765f,covert-green
30,184,169,154,b8a99a,oxford-tan
35.56,174,163,147,aea393,plaza-taupe
31.03,165,151,136,a59788,tuffet
29.14,159,141,124,9f8d7c,silver-mink
33.1,141,128,112,8d8070,timber-wolf
22.76,142,124,113,8e7c71,taupe-gray
24,130,112,100,827064,pine-bark
31.76,202,194,185,cac2b9,pumice-stone
27.69,173,159,147,ad9f93,simply-taupe
36,159,149,134,9f9586,aluminum
27.69,168,154,142,a89a8e,cobblestone
31.3,130,119,107,82776b,brindle
27.5,119,106,95,776a5f,walnut
34.74,105,97,86,696156,bungee-cord
39.13,203,195,180,cbc3b4,oatmeal
33.75,205,198,189,cdc6bd,moonbeam
36.67,207,200,189,cfc8bd,rainy-day
25.71,202,190,181,cabeb5,gray-morn
33.91,197,187,174,c5bbae,peyote
34.62,184,173,158,b8ad9e,feather-gray
23.48,168,154,145,a89a91,goat
24,219,213,209,dbd5d1,white-sand
24.71,193,183,176,c1b7b0,silver-gray
28.42,187,177,168,bbb1a8,chateau-gray
27,170,159,150,aa9f96,string
24,168,156,148,a89c94,atmosphere
24.71,149,139,132,958b84,moon-rock
25,143,129,119,8f8177,fungi
36.67,189,182,171,bdb6ab,silver-lining
40,194,190,182,c2beb6,moonstruck
50.77,174,172,161,aeaca1,pussywillow-gray
45,162,158,146,a29e92,london-fog
32.73,145,140,134,918c86,rock-ridge
75,128,129,125,80817d,moon-mist
96,100,103,98,646762,castor-gray
210,197,198,199,c5c6c7,glacier-gray
360,197,197,197,c5c5c5,lunar-rock
150,202,204,203,cacccb,dawn-blue
180,187,188,188,bbbcbc,gray-violet
360,190,189,189,bebdbd,vapor-blue
205.71,174,178,181,aeb2b5,high-rise
120,152,154,152,989a98,limestone
30,190,183,176,beb7b0,silver-cloud
30,179,173,167,b3ada7,dove
30,160,156,152,a09c98,flint-gray
45,160,159,156,a09f9c,drizzle
32.31,143,137,130,8f8982,elephant-skin
20,138,126,120,8a7e78,cinder
20,130,126,124,827e7c,steeple-gray
144,186,191,188,babfbc,metal
90,185,188,182,b9bcb6,blue-fox
132,181,186,182,b5bab6,storm-gray
130,169,175,170,a9afaa,pigeon
165,171,175,174,abafae,mirage-gray
165,168,176,174,a8b0ae,puritan-gray
359,164,153,158,9.99E+100,wrought-iron
114.29,139,158,137,a49e9e,opal-gray
280,142,140,143,8b8c89,wild-dove
118.57,104,145,103,8e918f,neutral-gray
150,101,103,102,686767,gargoyle
270,104,100,108,656466,smoked-pearl
116.67,92,109,91,686d6c,sedona-sage
359,202,93,194,5c5d5b,gunmetal
111.82,159,197,153,cac5c2,wind-chime
115.38,108,156,104,9f9c99,paloma
359,114,104,112,6c6868,charcoal-gray
109.09,102,111,100,726f70,steel-gray
150,95,101,98,666564,pewter
130,70,94,74,5f5e62,castlerock
359,160,67,152,46434a,nine-iron
110.77,131,153,127,a09998,ash
359,132,127,131,837f7f,cloudburst
122.22,103,130,104,848283,frost-gray
48,98,97,93,676168,excalibur
20,95,93,92,625d5d,dark-gull-gray
95.45,74,87,65,5f575c,rabbit
359,128,63,99,4a3f41,shale
91.58,91,111,73,806f63,fossil
6.92,104,81,78,5b5149,major-brown
49.57,94,90,71,685a4e,chocolate-chip
9.6,104,83,79,5e5347,canteen
38,105,94,75,685e4f,stone-gray
65.14,91,94,59,695e4b,capers
23.33,90,79,72,5b4f3b,beech
80.77,74,83,57,5a5348,tarmac
27.69,72,65,59,4a4139,wren
359,74,65,67,48413b,black-olive
47.14,68,65,54,44413c,black-ink
56.47,59,58,42,3b3a36,peat
176.13,38,100,96,262c2a,jet-set
359,115,91,92,736460,iron
8.78,98,63,57,625b5c,plum-kitten
2.4,72,48,47,483f39,turkish-coffee
360,59,53,53,3b302f,black-coffee
359,60,53,54,3c3535,after-dark
165,58,62,61,3a3536,licorice
26.67,65,55,47,413e3d,raven
240,45,45,59,2d2c2f,jet-black
359,57,42,48,39373b,phantom
143.08,43,56,48,2b2c30,stretch-limo
359,47,40,45,2f2d30,moonless-night
125.14,41,216,56,292a2d,caviar
116.73,54,210,45,363838,pirate-black
177.8,40,204,198,28282d,anthracite
24.59,244,208,183,f4d8c6,vanilla-cream
21,235,196,175,ebd2b7,dawn
12,229,185,174,e5ccaf,gray-sand
12.5,238,181,166,eed0ae,autumn-blonde
21.89,226,179,152,e2c4a6,apricot-illusion
35.34,216,186,143,d8b998,mellow-buff
17.84,218,166,144,dab58f,sheepskin
15,204,165,152,ccb390,almond-buff
15.35,213,149,127,d5ba98,beige
9.73,204,142,130,cca67f,sand
12.59,197,133,116,c5a582,latte
50.77,182,170,104,b69574,tan
43.9,185,163,103,b98e68,doe
62.07,173,174,145,ad8567,indian-tan
36.47,186,166,135,baaa91,safari
9.13,191,152,145,bfa387,candied-ginger
3.21,197,144,141,c5ae91,warm-sand
26,193,159,133,c1a68d,cuban-sand
78.29,182,207,125,b69885,nougat
90.45,170,204,137,aa907d,natural
90,180,182,178,b49f89,nomad
359,216,171,180,d8cfb2,frozen-dew
1.82,218,154,152,daccb4,bleached-sand
12.35,202,148,134,cab698,pebble
10.29,196,138,126,c4ab86,croissant
77.03,175,196,122,af9a7e,incense
70,169,181,109,a9947a,cornstalk
80,166,167,164,a68a6d,tannin
6.79,202,155,149,cac4a4,green-haze
4.17,199,132,127,c7b595,mojave-desert
5.45,191,121,114,bfa77f,taos-taupe
5.93,184,111,103,b89b72,lark
26.47,152,114,84,988467,kelp
32.5,144,111,72,907954,antique-bronze
38.77,138,115,73,8a6f48,dull-gold
2.12,161,79,76,a17249,brown-sugar
359,151,72,82,976f4c,chipmunk
13.12,154,79,58,9a7352,tobacco-brown
37.11,110,81,34,6e4f3a,bison
33.68,112,87,55,704822,monks-robe
25.09,112,80,57,704f37,dachshund
16.96,117,84,71,755139,toffee
6.55,122,73,67,7a5747,aztec
15,108,75,64,6c5043,cocoa-brown
13.93,114,71,58,725440,partridge
359,110,57,64,6e493a,friar-brown
63.75,104,107,59,684b40,mustang
66.21,97,103,45,61473b,pinecone
359,84,37,79,54392d,potting-soil
5.77,131,84,79,836b4f,ermine
17.54,127,81,62,7f674f,otter
13.75,107,70,59,7.25E+45,kangaroo
35.36,106,83,50,6b543e,sepia
74.55,90,98,65,6a513b,coffee-liqueur
30,101,92,83,5a4632,desert-palm
359,115,71,75,655341,teak
17.31,110,73,58,736253,shitake
6.67,93,61,57,6e5c4b,cub
19.02,92,64,51,5d473a,carafe
359,75,52,59,5c4939,dark-earth
84.41,78,102,43,4b3d33,slate-black
226.88,64,71,96,4e403b,chocolate-brown
359,123,64,67,40342b,demitasse
10.91,90,63,57,7b6660,deep-taupe
360,88,59,59,5a4743,shopping-bag
359,79,51,57,584039,chestnut
360,73,49,49,4f3f3b,bracken
112.73,67,212,47,493b39,seal-brown
174.21,64,209,195,433331,java
22.86,233,207,191,40312f,coffee-bean
27.27,233,209,189,e9d4c3,mother-of-pearl
6.82,231,192,187,e9d1bf,pastel-rose-tan
22.06,235,192,167,e7cfbd,novelle-peach
20,218,188,173,ebd1bb,sun-kiss
68.31,216,225,160,dac0a7,ivory-cream
359,221,199,211,d8c0ad,shifting-sand
24.23,236,205,184,ddbca0,appleblossom
359,228,186,190,ece1d3,eggnog
3.33,222,171,168,e4c7b8,cream-tan
9.41,206,163,155,decdbe,sand-dollar
21.6,189,157,139,cebaa8,smoke-gray
9.33,186,148,141,bdab9b,doeskin
13.04,177,141,131,baa38b,sesame
16.25,175,140,127,b19d8d,light-taupe
359,165,135,139,af9483,warm-taupe
8.57,167,125,118,a58d7f,stucco
8.4,162,119,112,a78c8b,almondine
40,151,134,100,a28776,chanterelle
87.62,148,177,114,977d70,ginger-snap
122.5,159,183,160,947764,woodsmoke
8.11,197,165,160,9f8672,amphora
359,209,144,148,c5b1a0,moonlight
10,194,139,128,d1b7a0,frappe
2.03,176,119,117,c2a594,rugby-tan
16.44,173,120,100,b09080,roebuck
84.94,148,180,103,ad8b75,praline
292.17,153,133,156,947764,burro
18.24,210,139,108,997867,beaver-fur
19.67,174,133,113,d2b49c,toasted-almond
18.53,179,132,111,ae856c,tawny-birch
43.38,171,153,106,b38b71,macaroon
16.07,176,135,120,ab856f,tawny-brown
65.05,202,211,104,b0846a,camel
110.4,192,213,188,ca9978,toast
22.76,242,206,184,c08768,toasted-nut
26.09,248,209,179,f2d3bc,nude
20.77,241,207,189,f8d5b8,tender-peach
13.24,254,201,186,f1ceb3,alesan
12.58,239,190,177,fed1bd,pale-peach
39.51,244,216,162,efcfba,peach-puree
16.36,226,210,204,f4c9b1,bellini
30,240,216,192,e2bea2,amberlight
25,237,216,201,f0d8cc,peach-dust
360,251,205,205,edd2c0,linen
16.25,242,207,194,fbd8c9,scallop-shell
359,237,178,199,f2d8cd,soft-pink
38.18,231,207,165,edcdc2,pale-dogwood
42.86,205,203,198,e7cfc7,silver-peony
22.29,225,203,190,cdb2a5,rose-dust
359,218,182,189,e1cfc6,shell
359,219,157,171,dacbbe,whisper-pink
12,221,153,136,dbcbbd,pink-tint
2.86,195,135,132,ddb6ab,evening-sand
59.13,185,184,116,c39d88,sirocco
111,174,191,171,b99984,brush
359,215,176,179,ae8774,cafe-au-lait
21.82,228,186,162,d7b8ab,cameo-rose
359,219,163,169,e4bfb3,pale-blush
7.32,223,151,141,dbb0a2,rose-cloud
0.88,201,134,133,dfbaa9,spanish-villa
68.09,190,202,113,c9a38d,maple-sugar
359,186,179,181,be9785,tuscany
16.1,237,177,155,ba8671,cork
16.22,229,175,155,edcab5,bisque
7.69,223,155,145,e5b39b,almost-apricot
17.55,230,155,124,dfb19b,pink-sand
13.26,217,150,131,e6af91,peach-nougat
4.68,210,139,133,d99b7c,peach-bloom
24.26,199,143,105,d29b83,dusty-coral
20.45,189,131,101,c79685,cafe-creme
12.34,198,113,91,bd8b69,sandstorm
24.67,180,117,73,c68f65,butterum
24.83,164,113,77,b4835b,biscuit
19.09,167,107,79,a47149,cashew
30.37,160,120,79,a7754d,almond
12.77,147,110,100,a0714f,lion
23.86,164,114,81,936b4f,thrush
21.69,163,110,80,a47864,mocha-mousse
14.4,174,98,74,a36e51,pecan-brown
15.7,166,87,59,ae7250,hazel
21,163,85,43,a66e4a,bran
52.78,151,138,43,a3623b,adobe
28.5,145,124,105,97572b,leather-brown
9.64,196,102,84,91552b,glazed-ginger
10.56,195,92,70,c48a69,sandstone
5.35,166,74,65,c37c54,caramel
21.14,152,84,47,a66646,amber-brown
9.51,140,71,58,985c41,sierra
54.55,140,132,52,8c4a2f,ginger-bread
50,117,114,99,8c543a,mocha-bisque
14.46,198,113,86,754734,tortoise-shell
16.2,179,106,79,c68463,pheasant
6.06,185,87,76,b37256,sunburn
11.25,181,90,69,b9714f,raw-sienna
14.04,189,81,48,b56a4c,autumn-leaf
65.34,181,194,48,bd5745,mecca-orange
240,159,159,172,b55a30,rust
9.57,210,152,141,9f5130,bombay-brown
59.23,179,178,101,d2c2ac,frosted-almond
8.92,189,126,115,b39f8d,gilded-beige
9.27,200,107,90,bd9865,pale-gold
41.28,196,162,87,c8b273,rich-gold
359,186,112,161,c47e5a,copper
17.01,162,114,95,ba6b57,copper-coin
359,146,94,101,a2a2a1,silver
14.75,143,97,82,92705f,raw-umber
10.24,126,92,85,8f7265,brownie
19.32,135,95,76,7e5e52,acorn
23.77,133,101,80,876155,clove
12.35,143,89,75,855c4c,carob-brown
13.95,152,86,66,8f5f50,russet
12,156,96,81,8.65E+51,rawhide
11.61,154,79,61,98594b,chutney
14.55,131,81,65,9c5642,baked-clay
14.79,133,78,60,9a6051,copper-brown
11.54,135,72,57,834f3d,brown-patina
8.57,128,74,65,855141,rustic-brown
10.53,113,66,56,874e3c,coconut-shell
5.71,102,64,60,804839,sequoia
9.06,110,65,57,714a41,root-beer
7.35,107,64,58,664238,brunette
16.36,99,75,66,6e403c,sable
11.25,115,63,51,6b4139,cinnamon
66,99,100,90,63403a,fudgesickle
8.73,139,92,84,734b42,mink
2.86,126,66,63,633f33,cappuccino
3.87,88,59,57,8b645a,cognac
3.43,85,52,50,7e5c54,nutmeg
5.81,88,60,57,58423f,french-roast
1.46,89,49,48,553b39,deep-mahogany
42,80,77,70,583432,rum-raisin
5.14,130,66,60,593c39,brown-stone
13.78,124,67,50,503130,bitter-chocolate
1.52,136,59,57,824d46,mahogany
1.11,104,51,50,7c423c,henna
1.79,116,51,49,884332,arabian-spice
360,106,53,53,683b39,hot-chocolate
167.01,96,230,201,743332,russet-brown
51.43,243,236,194,6a3331,madder-brown
43.33,244,224,172,603535,andorra
38.82,243,213,158,f3e6c9,afterglow
36.26,237,201,146,f4ecc2,transparent-yellow
38.53,224,190,129,f3e0ac,double-cream
36.92,218,178,114,edd59e,sunlight
38.89,209,190,155,e0c992,straw
49.57,209,201,163,dabe81,jojoba
44.48,216,201,158,d1b272,rattan
40.36,220,202,165,d1be9b,boulder
41.9,217,198,154,d8c9a3,sea-mist
50,214,204,154,dcc99e,reed-yellow
30.7,212,170,126,d9caa5,chino-green
83.44,187,212,148,d6c69a,parsnip
43.82,220,196,131,d4cc9a,dusty-yellow
48.86,218,205,148,bbaa7e,silver-fern
42.67,213,187,123,dcd494,lemon-grass
45.8,207,176,76,dac483,raffia
42.04,210,169,73,d5cd94,golden-mist
39.44,188,139,45,cfbb7b,pampas
76.27,169,185,126,d2b04c,bamboo
54.55,204,193,83,bca949,cress-green
59.43,206,205,101,a98b2d,olive-oil
49.09,218,182,20,ccb97e,dried-moss
38,221,166,71,cec153,celery
15,196,142,124,dacd65,acacia
14.4,174,136,124,ddb614,sulphur
66.67,170,178,106,c4a647,oil-yellow
44.59,201,173,92,ae8e2c,green-sulphur
42.07,192,166,105,aa8805,golden-palm
45.81,188,166,95,c9b27c,cocoon
52.22,193,179,85,c0ad7c,hemp
359,189,158,167,bca66a,southern-moss
359,181,152,177,c1a65c,olivenite
134.18,170,225,183,bdb369,golden-green
51.82,239,230,173,b59e5f,antique-gold
56.47,242,237,157,aa9855,burnished-gold
57.21,237,233,151,efe1a7,french-vanilla
56.79,237,231,125,f2e6b1,pastel-yellow
56.76,240,234,129,ededb7,tender-yellow
56.84,238,232,124,ede9ad,wax-yellow
40.54,240,204,129,f0e79d,lemonade
40.94,227,200,142,eeea97,elfin-yellow
56.39,209,204,126,f0e87d,limelight
62.47,210,214,117,e3cc81,dusky-citron
54.18,229,216,95,d1c87c,muted-lime
58.66,223,220,89,d2cc81,endive
42.04,239,192,82,e5d68e,custard
59.61,222,221,67,dfd87e,canary-yellow
51.39,237,206,21,efdc75,yellow-cream
53.5,217,200,60,dec05f,cream-gold
57.16,238,231,90,eddd59,aurora
48.46,254,224,98,d9ce52,green-sheen
47.65,250,208,46,eec843,maize
43.69,247,191,41,fee715,blazing-yellow
24.42,243,192,157,fae03c,buttercup
42.07,240,214,153,f7d000,empire-yellow
35.26,255,208,141,f3bf08,lemon
41.8,255,218,133,f0c05a,mimosa
40.89,255,212,120,ffd662,aspen-gold
38.12,255,193,85,ffd02e,dandelion
43.45,243,195,69,ffda29,vibrant-yellow
46.75,255,221,101,ffd400,cyber-yellow
54.27,240,225,83,f3c12c,freesia
51.34,250,222,56,ffc300,lemon-chrome
52.81,248,222,31,f0dd9d,mellow-yellow
49.03,250,216,64,fae199,pale-banana
47.89,253,209,35,f8de8d,popcorn
36.43,246,191,106,fade85,sunshine
39.84,228,185,100,fdd878,lemon-drop
35.47,218,162,81,f6d155,primrose-yellow
37.99,197,146,58,e4bf45,super-lemon
42.47,186,141,32,dab965,misted-yellow
41.76,188,150,63,c5a253,sauterne
52.41,196,174,22,ba9238,honey
33.27,212,163,102,bc8d1f,arrowwood
42.66,205,168,77,c4962c,tawny-olive
34.29,201,150,82,d4ae40,ceylon-yellow
37.42,177,142,84,cda323,lemon-curry
35.74,176,138,82,c9a86a,fall-leaf
43.83,182,151,67,b19664,antelope
36.85,200,151,73,b08e51,mustard-gold
359,198,142,157,b68a3a,harvest-gold
41.74,203,175,111,c89720,nugget-gold
24.44,214,150,106,c6973f,golden-spice
40.88,195,159,82,cb8e16,golden-yellow
39.86,207,160,67,d6af66,ochre
37.78,209,149,47,c3964d,tinsel
44.79,193,156,47,cf9f52,bright-gold
28.76,211,148,90,d1a054,honey-gold
58.56,195,192,70,c19552,amber-gold
35.14,216,158,76,d39c43,mineral-yellow
41.38,190,154,74,c39449,narcissus
39.27,181,143,71,d8c09d,marzipan
31.02,182,125,64,be9e6f,curry
27.32,164,103,52,b59a6a,prairie-sand
359,145,94,119,b68f52,honey-mustard
77.14,130,136,115,a47d43,wood-thrush
23.27,176,116,78,91672f,golden-brown
28.42,157,117,81,825e2f,bronze-brown
41.45,151,117,41,b0885a,apple-cinnamon
41.74,152,117,37,9d7446,bone-brown
42.52,151,114,24,97754c,dijon
294.83,146,93,151,98754a,bistre
130.85,121,215,138,977547,medal-bronze
37.8,254,207,127,927240,cumin
33,255,192,115,795d34,breen
27.23,253,176,112,fed777,snapdragon
30.51,226,168,108,ffcf73,banana-cream
31.48,226,168,104,fdc04e,daffodil
22.59,236,183,151,e2b051,yolk-yellow
44.75,247,216,125,e2a829,golden-rod
34.89,251,192,110,eca825,old-gold
41.05,223,181,90,f7b718,spectra-yellow
50.77,215,195,85,fbd897,golden-haze
41.48,237,191,88,dfc08a,sahara-sun
43.12,241,196,81,d7b57f,new-wheat
36.59,247,183,83,edc373,cornsilk
47.7,247,206,47,f1bf70,buff-yellow
45,248,200,56,f7c46c,sunset-gold
41.51,255,198,70,f7b768,golden-cream
38.4,255,183,55,f8ce97,impala
38.9,250,173,31,ffc87d,flax
27.52,239,167,106,ffc66e,pale-marigold
33.93,221,168,99,fab75a,amber-yellow
39.87,235,185,86,efad55,amber
33.03,252,172,74,dda758,golden-apricot
32.31,249,153,41,eba851,beeswax
42.96,217,171,55,fcb953,banana
359,242,146,165,f9ac2f,citrus
359,211,111,158,d99938,golden-glow
359,167,100,142,f2ab46,artisans-gold
70,153,155,143,d39237,sunflower
8,195,156,150,a76f1f,buckthorn-brown
9.43,207,148,137,99642c,cathay-spice
16.36,202,138,114,c39b6a,taffy
359,190,122,160,cf9c63,oak-buff
359,187,107,158,ca9456,honey-yellow
359,172,91,137,be8a4a,spruce-yellow
127.06,129,197,137,bb7a2c,inca-gold
39.8,222,189,124,ac6b29,sudan-brown
43.16,220,188,106,815b37,rubber
41.9,227,189,101,dec5a5,wheat
45.71,230,195,83,dcbd9e,honey-peach
37.81,235,181,89,e3bc8e,desert-dust
36.38,224,161,64,e6bd8f,golden-straw
59.57,210,209,72,ebc396,buff
45.95,242,205,84,e0b589,desert-mist
42.03,250,194,63,d2a172,clay
42.99,246,189,45,f2d1a0,golden-fleece
44.04,241,187,38,facd9e,apricot-sherbet
40.67,255,178,16,f6c289,sunburst
42.34,247,184,33,f1bd89,apricot-cream
49.6,255,220,53,ffbb7c,buff-orange
34.67,250,155,25,f7b26a,chamois
359,219,150,153,ffb865,warm-apricot
8.65,225,136,121,fadc53,marigold
21,207,142,107,db9b59,golden-nugget
21.77,209,137,96,e19640,butterscotch
53.11,190,176,68,d18e54,buckskin
31.28,255,165,67,d0893f,yam
24.61,255,150,77,be752d,golden-oak
17.06,238,160,129,ffb000,gold-fusion
15.91,255,158,123,ffa500,saffron
14.04,252,144,111,ee9626,cadmium-yellow
10.95,241,129,104,ffa010,zinnia
44.31,224,190,94,fc9e21,radiant-yellow
27.6,251,170,101,f19035,apricot
28,236,156,86,e08119,dark-cheddar
36.92,221,151,39,fbbe99,apricot-ice
26.87,221,131,58,ecaa79,apricot-nectar
24.25,208,121,62,dd9c6b,gold-earth
29.15,199,126,57,dd9760,apricot-tan
48.41,205,177,60,d08344,topaz
35,255,170,51,c77943,golden-ochre
33.07,254,162,49,cd7e4d,apricot-buff
30.36,245,163,79,ffb181,peach-cobbler
30.55,255,147,35,feaa7b,salmon-buff
34.13,236,142,18,f5a26f,pumpkin
25.15,222,125,55,ffa368,mock-orange
25.96,210,113,39,ec935e,muskmelon
29.28,228,121,19,de8e65,copper-tan
16.32,220,121,84,d27d56,coral-gold
9.55,220,109,88,e47127,russet-orange
10.08,216,107,85,dc793a,orange-ochre
20.41,200,103,53,dc793e,amberglow
17.79,200,98,55,d86d39,jaffa-orange
42.59,213,166,51,c86b3c,apricot-orange
28.79,255,139,32,c86733,burnt-orange
20,251,141,86,d56231,harvest-pumpkin
19.89,255,136,77,ffa64f,blazing-orange
21.12,255,128,59,fb8b23,flame-orange
18.07,244,121,68,ff8812,autumn-glory
26.11,255,133,39,f48037,sun-orange
27.39,243,143,59,f47327,persimmon-orange
359,248,140,168,ff7913,orange-popsicle
359,255,122,172,f38554,autumn-sunset
359,250,106,159,f88f58,tangerine
359,236,103,149,ff8c55,bird-of-paradise
359,245,116,154,fa7a35,orange-peel
359,255,134,148,ec6a37,mandarin-orange
359,255,119,152,f56733,golden-poppy
359,243,111,158,ff7420,vibrant-orange
359,253,105,134,ff8656,nectarine
359,243,86,130,f3774d,coral-rose
359,240,99,122,fd6f3b,carrot
359,249,85,91,f36944,firecracker
45.1,242,205,93,f05627,red-orange
43.26,255,202,65,f9633b,vermillion-orange
30.26,252,194,135,f2552c,flame
31.68,244,185,119,ffcda8,creampuff
31.48,251,193,129,fccaac,bleached-apricot
31.6,248,186,117,f4c29f,almond-cream
35.27,244,190,113,fbb995,beach-sand
33.85,255,187,99,f8c19a,cream-blush
30.35,255,170,83,f4ba94,caramel-cream
34.84,237,172,82,ffbe98,peach-fuzz
21.82,251,146,86,ffbb9e,prairie-sunset
17.5,225,123,81,edaa86,coral-sands
18.05,206,120,83,fbac82,apricot-wash
13.97,206,94,60,e1927a,canyon-sunset
53.54,183,169,53,ce7b5b,brandied-melon
32.54,242,161,65,ce785d,carnelian
29.18,255,161,72,b75e41,mango
27.59,250,149,63,f2a987,peach
29.1,234,148,67,ffa177,cantaloupe
26.76,249,136,45,faa181,coral-reef
18.32,254,122,64,ea9575,shell-coral
18.68,226,111,59,f99471,cadmium-orange
20.9,209,108,54,fe8863,melon
359,202,101,178,e27a53,dusty-orange
359,201,114,168,d16f52,arabesque
359,223,90,152,ca6c56,langoustino
359,194,79,155,c96551,ginger
359,187,81,128,df7253,flamingo
359,190,93,134,c25a3c,orange-rust
359,182,87,111,bb4f35,burnt-ochre
359,179,88,132,be5141,chili
359,161,63,119,b65d48,ginger-spice
359,159,68,116,a15843,auburn
359,156,69,104,8d3f2d,picante
359,151,58,91,9f4440,tandori-spice
36.86,255,196,102,9c453b,cinnabar
32.64,248,191,123,973a36,bossa-nova
23.55,232,167,125,ffc4b2,tropical-peach
29.71,222,170,119,f8bfa8,peach-parfait
24,210,147,105,e8a798,coral-pink
24.88,226,154,103,deaa9b,dusty-pink
17.29,211,127,93,d29380,muted-clay
26.23,227,142,76,e29a86,shrimp
21.72,206,132,90,d37f6f,tawny-orange
21.9,211,131,85,e38e84,coral-haze
28.06,189,123,65,ce8477,canyon-clay
21.6,173,109,73,d38377,terra-cotta
18.14,161,101,75,bd7b74,desert-sand
18.14,162,102,76,ad6d68,light-mahogany
33.97,194,135,58,a1655b,cedar-wood
21.48,181,129,100,a26666,withered-rose
28.91,180,123,70,c2877b,rose-dawn
30.46,176,112,46,b5817d,ash-rose
29.08,175,108,45,b47b77,old-rose
20.98,173,93,50,b07069,brick-dust
13.19,150,79,59,af6c67,canyon-rose
24.08,194,106,47,ad5d5d,dusty-cedar
359,176,100,165,964f4c,marsala
297.5,171,79,175,c26a5a,apricot-brandy
359,167,89,165,b06455,aragon
293.57,162,87,171,ab4f41,hot-sauce
359,166,89,148,a75949,bruschetta
359,161,77,137,a2574b,etruscan-red
359,191,100,122,a6594c,redwood
359,179,70,155,a14d3a,burnt-brick
359,164,41,148,bf6464,faded-rose
359,154,56,147,b34646,baked-apple
359,145,56,135,a4292e,pompeian-red
359,143,66,133,9a382d,ketchup
359,126,57,126,913832,red-ochre
27.69,255,178,112,8f423b,barn-red
27.37,251,189,137,7e392f,burnt-henna
24.71,254,174,118,ffb2a5,peach-pearl
29.39,253,178,106,fbbdaf,peach-melba
26.61,226,157,102,feaea5,apricot-blush
22.81,221,146,100,fdb2ab,peach-bud
14.38,218,126,97,e29d94,coral-almond
34.19,255,181,83,dd9289,lobster-bisque
20.66,250,170,128,da7e7a,lantana
19.71,251,159,114,ffb59b,peach-nectar
15,255,150,115,faaa94,salmon
21.08,250,154,102,fb9f93,peach-amber
14.65,233,137,106,ff9687,desert-flower
16.23,215,126,93,fa9a85,peach-pink
26.46,252,162,91,e9897e,burnt-coral
13.38,255,133,98,d77e70,crabapple
15.86,255,127,81,fca289,papaya-punch
16.55,246,120,72,ff8576,fusion-coral
17.79,237,116,65,ff7f6a,fresh-salmon
10.91,255,111,79,f67866,persimmon
5.06,243,91,77,ed7464,coral
19.43,248,129,72,ff6f61,living-coral
16.68,249,114,62,f35b53,hot-coral
17.85,245,108,50,f88180,shell-pink
13.82,242,95,51,f97272,georgia-peach
18.59,234,107,50,f56c73,sugar-coral
18.07,215,92,39,f25f66,dubarry
21.9,217,97,28,ea6b6a,porcelain-rose
17.47,220,91,38,d75c5d,spiced-coral
359,224,73,95,d9615b,deep-sea-coral
359,221,56,71,dc5b62,rose-of-sharon
359,203,52,89,e04951,cayenne
359,190,69,82,dd3848,hibiscus
3.97,187,74,66,cb3441,poinsettia
7.97,173,62,45,be454f,chrysanthemum
14,226,88,46,bb4a4d,cranberry
2.21,231,74,68,e2583e,tigerlily
2.22,221,65,59,df3f32,grenadine
1.01,235,60,57,e74a33,mandarin-red
6.1,218,50,31,dd4132,fiesta
6.24,215,60,42,eb3c27,cherry-tomato
21.19,246,116,45,da321c,orange-com
14.41,254,99,50,d73c26,spicy-orange
14.04,234,103,63,f6745f,camellia
10.78,198,93,70,fe6347,nasturtium
7.35,206,77,59,ea6759,emberglow
6.04,194,69,55,c65d52,burnt-sienna
359,181,51,61,ce4d42,paprika
359,217,55,56,c2452d,red-clay
359,220,52,54,b5332e,molten-lava
359,206,41,49,d93744,bittersweet
359,208,28,46,dc343b,poppy-red
359,205,33,45,ce2939,tomato
359,199,31,54,d01c1f,fiery-red
3.56,185,58,50,cd212a,flame-scarlet
2.59,187,54,48,c71f2d,high-risk-red
359,197,51,170,b93a32,aurora-red
359,204,28,166,bb363f,rococco-red
359,187,18,174,c53346,tomato-puree
359,188,43,163,cc1c3b,lollipop
359,179,26,157,bb1237,ski-patrol
359,174,22,144,bc2b3d,scarlet
359,189,39,134,b31a38,lipstick-red
359,188,19,158,ae0e36,crimson
359,172,38,142,bd162c,racing-red
359,190,25,141,bc2731,mars-red
359,185,27,138,ac0e2e,tango-red
35.81,191,166,129,be132d,chinese-red
67.32,155,160,119,b92636,ribbon-red
29.5,239,178,119,bf1932,true-red
6.67,238,166,157,9b1b30,chili-pepper
5.52,242,163,155,efa6aa,quartz-pink
359,244,139,148,eea0a6,pink-icing
359,248,130,142,f2b2ae,blossom
16.99,231,150,118,f4a6a3,peaches-n-cream
6.84,222,121,108,f8a39d,candlelight-peach
359,247,115,120,e78b90,strawberry-ice
8.87,230,109,88,de8286,peach-blossom
0.86,234,96,94,f7969e,flamingo-pink
5.1,238,98,85,e6798e,confetti
1.35,235,105,102,ea738d,bubblegum
26.09,209,144,94,ee6d8a,pink-lemonade
26.9,207,143,91,eb6081,camellia-rose
22.5,246,141,78,d16277,rapture-rose
11.61,252,127,97,cf6977,desert-rose
6.63,255,102,83,f6909d,geranium-pink
4.02,245,92,81,fc8f9b,conch-shell
16,234,113,69,ff8d94,salmon-rose
359,238,61,89,f57f8e,strawberry-pink
359,218,68,71,ee5c6c,calypso-coral
359,228,56,214,dc7178,tea-rose
359,220,70,202,da3d58,geranium
359,226,46,191,e4445e,paradise-pink
359,211,46,190,dc3855,teaberry
359,212,23,183,e24666,rouge-red
359,198,76,178,d32e5e,raspberry
359,200,55,143,d42e5b,azalea
359,182,35,173,c6174e,virtual-pink
359,201,25,162,c84c61,claret-red
359,191,25,166,b63753,raspberry-wine
359,197,20,143,c92351,rose-red
359,162,18,159,bf1945,barberry
101.43,164,193,151,c51959,bright-rose
20,239,173,140,a21441,persian-red
18.06,233,161,130,a41247,cerise
13.93,240,154,128,efc1d6,pink-lady
11.61,236,136,112,e9adca,lilac-sachet
18.78,223,144,108,f0a1bf,prism-pink
359,226,98,105,ec9abe,begonia-pink
14.82,202,138,117,df88b7,fuchsia-pink
3.75,241,121,113,e290b2,rosebloom
359,217,129,158,ca628f,ibis-rose
359,232,115,143,f18aad,sachet-pink
6.59,210,129,119,d979a2,wild-orchid
359,238,106,122,e881a6,aurora-pink
359,233,91,121,d2738f,chateau-rose
359,222,89,117,ee819f,morning-glory
359,229,79,117,e96a97,azalea-pink
359,224,79,164,de5b8c,shocking-pink
359,217,56,154,e55982,hot-pink
359,210,72,133,e04f80,fandango-pink
359,188,67,138,d94f70,honeysuckle
359,199,45,117,d2386c,raspberry-sorbet
8.48,207,122,108,bc4869,carmine
359,237,91,110,c74375,fuchsia-rose
298.94,227,60,230,cf2d71,beetroot-purple
296.93,210,80,217,ed7a9e,pink-carnation
359,211,52,175,e35b8f,carmine-rose
359,211,66,179,d23c77,magenta
359,189,50,137,d3507a,pink-flambe
359,183,107,138,d33479,fuchsia-purple
359,206,94,125,bd4275,lilac-rose
296.73,206,67,214,b73275,very-berry
298.72,204,66,207,ce6ba4,super-pink
291.22,192,52,216,ce5e9a,phlox-pink
359,171,62,162,cc4385,raspberry-rose
359,157,68,102,ab3475,fuchsia-red
52.03,244,225,101,a83e6c,cactus-flower
49.67,238,212,87,9d446e,magenta-haze
40.89,220,177,85,f4e1e6,shrinking-violet
35.66,236,178,93,eed4d9,primrose-pink
28.14,209,132,64,dcb1af,silver-pink
32.73,202,132,48,ecb2b3,powder-pink
31.32,186,121,50,d18489,mauveglow
52.63,236,214,57,ca848a,brandied-apricot
51.66,229,208,78,ba797d,dusty-rose
50.11,249,219,67,ecd6d6,mauve-morn
38,214,159,64,e5d0cf,mauve-chalk
35.92,209,150,62,f9dbd8,pearl
16.23,179,90,57,d69fa2,bridal-rose
15.12,180,88,57,d1969a,blush
17.14,179,84,46,b35a66,baroque-rose
359,172,75,77,b45865,slate-rose
7.69,180,78,63,b35457,mineral-red
359,158,16,68,b44e5d,holly-berry
359,138,34,64,a73340,american-beauty
359,124,36,59,9e1030,jester-red
4.67,149,66,59,8a2232,rio-red
359,151,52,53,7c2439,rumba-red
278,149,54,204,95424e,earth-red
275.66,140,55,198,973443,deep-claret
270.82,129,54,200,953640,garnet
269.43,120,42,201,8c373e,brick-red
271.46,119,33,197,813639,rosewood
268.5,132,75,195,782a39,tibetan-red
264.44,112,57,192,77212e,biking-red
267.79,136,67,216,844b4d,apple-butter
272.86,126,57,183,70393f,oxblood-red
273.44,119,51,173,884344,cowhide
274.21,112,47,161,7e3940,burnt-russet
150.74,92,213,154,77333b,ruby-wine
33.12,247,204,151,702f3b,cordovan
48.6,228,209,128,5c2c35,tawny-port
12.94,245,205,194,f7d5cc,creole-pink
16.55,248,206,190,e4ccc6,peach-blush
10.71,244,198,188,f5d1c8,cloud-pink
10.65,244,193,182,f8cdc9,veiled-rose
53.54,226,219,161,f4cec5,pearl-blush
24.63,246,190,151,f4c6c3,english-rose
30.75,219,180,139,e2c1c0,lotus
36.67,211,169,103,f6dbd8,rosewater
27.69,226,163,109,dbbeb7,peach-whip
35.26,202,162,105,d3b4ad,rose-smoke
24.1,211,138,89,e2a9a1,coral-cloud
64.53,192,200,94,caa39a,misty-rose
41.11,247,196,85,d3a297,peach-beige
43.74,238,196,83,c08a80,cameo-brown
35.52,255,184,81,f7c8c2,seashell-pink
37.2,223,166,73,eec4be,chintz-rose
34.04,217,156,76,ffc4bc,impatiens-pink
30.66,209,142,72,dfb8b6,peachskin
13.24,206,93,61,d9a6a1,mellow-rose
11.75,167,89,70,d19c97,rose-tan
10.1,164,80,63,ce8e8b,rosette
275.2,159,71,221,a75d67,mauvewood
267.23,140,76,217,a4596d,rose-wine
266.23,136,70,221,9f5069,malaga
265.78,131,76,204,8c4759,dry-rose
271.64,124,37,202,884c5e,hawthorn-rose
278.67,152,45,211,834655,maroon
285.33,150,48,183,7c4c53,wild-ginger
270.47,128,31,222,982551,sangria
273.91,132,41,202,962d49,red-bud
269.08,122,43,206,80304c,beaujolais
176.04,124,215,209,842c48,anemone
171.96,114,211,198,7a1f3d,beet-red
13.85,248,208,196,7c2946,red-plum
3.21,251,198,195,722b3f,rhododendron
359,237,197,205,f8d7dd,barely-pink
359,225,198,202,fbd3d9,blushing-bride
359,230,170,199,edd0dd,cradle-pink
60,222,222,184,e1c6cc,pale-lilac
26.67,216,201,189,e6c5ca,chalk-pink
31.58,244,208,168,dec6d3,light-lilac
38,231,209,171,d8aab7,pink-nectar
27.69,237,195,159,f4dede,heavenly-pink
27.16,247,195,152,e7c9ca,potpourri
21.69,253,200,170,edd0ce,crystal-pink
27.03,244,194,153,f7d1d1,pink-dogwood
22.57,250,187,149,fdc3c6,crystal-rose
23.12,249,190,153,f4c3c4,strawberry-cream
15.68,243,178,155,fac8c3,gossamer-pink
359,245,176,207,f9c2cd,rose-shadow
359,230,156,205,f3bbca,orchid-pink
359,245,152,184,f5bec7,almond-blossom
359,237,135,206,e6b2b8,coral-blush
359,222,132,202,f5b0bd,candy-pink
359,206,148,196,ed9ca8,peony
359,206,135,197,de98ab,sea-pink
359,210,137,196,ce879f,cashmere-rose
359,194,130,176,ce8498,wild-rose
297.65,184,135,186,d294aa,orchid-smoke
106.67,181,195,177,c28799,polignac
111.43,176,188,174,b88995,lilas
13.17,233,169,151,b58299,mauve-orchid
360,230,181,181,b0879b,orchid-haze
13.68,219,175,162,e9c3cf,parfait-pink
6.08,232,161,153,e6bccd,pink-mist
359,217,152,161,dba9b8,cameo-pink
11.84,216,155,140,e8b5ce,sweet-lilac
16.96,209,143,117,d9afca,pink-lavender
24.49,222,135,75,d8a1c4,pastel-lavender
359,210,128,154,d198c5,orchid
359,214,127,140,de9bc4,lilac-chiffon
1.25,202,108,106,d28fb0,moonlite-mauve
359,167,68,92,ca80b1,opera-mauve
24.96,193,127,80,c67fae,crocus
20.41,167,103,70,a76c97,mulberry
359,173,94,130,9.44E+89,striking-purple
359,186,105,124,c17fb5,violet
359,169,86,111,a767a2,iris-orchid
359,134,77,117,ad5e99,radiant-orchid
295.2,107,38,113,ba69a1,spring-crocus
359,182,95,115,a9568c,meadow-mauve
359,173,77,112,864d75,amethyst
359,158,60,135,6b264b,magenta-purple
359,151,50,118,b65f9a,rosebud
359,133,42,123,ad4d8c,purple-orchid
359,128,39,93,9e2c6a,festival-fuchsia
359,105,79,97,973c6c,baton-rouge
359,166,60,90,85325c,boysenberry
282.45,153,49,196,802a50,raspberry-radiance
289.8,146,63,163,692746,purple-potion
291.19,144,51,160,a64f82,dahlia-mauve
293.12,138,53,149,993c7c,vivid-viola
296.25,140,50,146,92316f,wild-aster
288.65,130,70,144,903f75,deep-orchid
291.63,141,67,153,8a3371,clover
276.11,119,51,164,8c3573,purple-wine
293.49,133,59,142,823270,hollyhock
274.95,105,45,148,8d4687,hyacinth-violet
293.24,104,41,112,8.43E+85,dahlia
359,98,46,98,773376,sparkling-grape
54.19,215,203,91,853b7b,byzantium
50,189,172,87,692d5d,phlox
40.87,187,165,118,682961,grape-juice
46.59,171,152,86,622e5a,gloxinia
45.28,174,148,68,bdaca3,mushroom
45.66,186,159,73,bba5a0,shadow-gray
44.43,198,164,67,ab9895,sphinx
42.71,174,140,56,a99592,bark
45.38,175,146,56,ae9490,fawn
286.67,139,111,147,ba9f99,adobe-rose
359,128,96,107,c6a4a4,pale-mauve
12.45,128,86,75,ae8c8e,woodrose
20.24,136,81,53,af9294,deauville-mauve
41.59,149,122,61,8b6f70,twilight-mauve
31.91,108,86,61,806062,rose-taupe
26,82,65,52,80565b,rose-brown
21.08,91,67,54,885157,roan-rouge
359,93,60,62,957a76,antler
8.89,80,57,53,6c5656,peppercorn
359,73,51,54,524144,raisin
45.21,197,161,51,5b4349,huckleberry
33.75,155,113,59,5d3c43,catawba-grape
260.2,110,76,177,503938,puce
254.65,81,50,177,493338,fudge
260.67,96,55,174,c5a193,mahogany-rose
258.72,88,54,163,9b716b,burlwood
253.98,73,42,175,6e4c4b,marron
262.01,102,51,190,513235,decadent-chocolate
265.36,100,18,212,60373d,red-mahogany
273.08,92,49,127,58363d,vineyard-wine
276.62,88,41,118,492a34,winetasting
268.83,80,43,120,663336,port
270,83,43,123,6.12E+37,chocolate-truffle
359,194,45,99,64313e,burgundy
44.38,197,172,101,5c2935,zinfandel
49.81,192,174,86,582b36,windsor-wine
360,181,165,165,502b33,port-royale
21.64,191,152,130,532d3b,fig
32.26,206,163,113,c2acb1,violet-ice
42.75,196,173,116,c5aeb1,burnished-lilac
44.79,173,155,102,c0a5ae,keepsake-lilac
359,163,109,116,b598a3,mauve-shadows
359,153,87,121,bfa3af,dawn-pink
359,150,99,126,ceadbe,fragrant-lilac
359,139,99,104,c49bd4,mauve-mist
359,133,73,96,ad6d7f,heather-rose
359,111,76,86,a35776,red-violet
359,200,60,90,996378,mellow-mauve
63.61,154,159,76,96637b,bordeaux
27.75,148,105,68,854c65,damson
35,128,108,80,6f3c56,amaranth
7.38,141,84,76,c89fa5,zephyr
17.81,137,92,73,9a7182,dusky-orchid
10.34,164,92,77,886971,grape-shake
36.71,152,119,67,946c74,wistful-mauve
23.44,134,95,70,805466,tulipwood
25.85,122,85,57,8d5c74,grape-nectar
273.47,128,75,170,895c79,argyle-purple
254.32,100,79,167,a4777e,nostalgia-rose
262.25,91,58,147,985f68,deco-rose
275.85,103,54,136,865560,renaissance-rose
271.11,97,69,123,7a4b56,nocturne
281.25,96,63,111,804f5a,crushed-berry
284.4,92,55,105,643a4c,crushed-violets
267.83,90,58,127,5b3644,mauve-wine
269.19,83,47,121,674550,plum-wine
260.66,70,49,110,613f4c,eggplant
359,177,38,106,603749,prune
34.74,174,142,98,5c3a4d,prune-purple
49.77,159,144,71,5a2f43,grape-wine
16.36,146,122,113,533146,italian-plum
40,133,114,76,462639,potent-purple
23.23,122,103,91,b18eaa,lavender-herb
8.82,118,89,84,ae90a7,lavender-mist
5.45,122,82,78,9f7a93,valerian
359,124,53,80,927288,very-grape
20.49,111,84,70,85677b,grapeade
360,117,83,83,7a596f,purple-gumdrop
359,104,69,87,765269,berry-conserve
359,88,64,71,8.35E+83,chinese-violet
359,114,61,66,7a547f,crushed-grape
359,80,33,79,7c5379,concord-grape
40,90,86,78,6f456e,sunset-purple
359,79,49,71,75406a,wood-violet
268.8,81,57,107,683d62,purple-passion
285.28,85,45,98,582147,dark-purple
292.73,77,48,81,725671,grape-jam
288.46,80,59,85,50314c,deep-purple
359,76,50,75,5a395b,wineberry
266.67,67,59,77,4f2d54,grape-royale
296,71,57,72,51304e,plum-purple
248.26,75,52,219,553b50,hortensia
247.81,78,59,205,4d3246,blackberry-wine
244.68,63,51,205,503b53,navy-cosmos
257.72,86,42,191,4c3957,indigo
242.33,73,69,172,432c47,purple-pennant
248.25,71,60,140,473442,plum-perfect
246.12,67,57,155,4b3b4f,sweet-grape
246.84,70,52,210,4e334e,shadow-purple
243.66,65,57,188,3f2a47,blackberry-cordial
248.08,67,53,157,56456b,purple-reign
359,219,55,142,493c62,mulberry-purple
57.37,215,210,101,473951,gothic-grape
56.35,212,205,97,433455,grape
57.2,209,202,59,46394b,mysterioso
206.25,183,192,199,41354d,purple-velvet
217.33,152,169,197,433748,nightshade
359,162,134,162,dbd2db,orchid-tint
359,206,145,153,d7cdcd,lilac-ash
71.74,186,195,149,d4cacd,gray-lilac
74.63,165,175,134,d1c0bf,hushed-violet
38.71,157,146,126,b7a9ac,cloud-gray
219.43,108,132,178,98868c,quail
257.05,112,87,175,a2919b,nirvana
236.47,84,88,152,cec3d2,orchid-hush
359,189,53,160,baafbc,iris
59.08,185,184,120,a5929d,sea-fog
85.71,152,179,116,9d848e,elderberry
56.25,148,144,84,6c5765,black-plum
242.4,143,141,191,705861,flint
241.5,132,131,171,54353b,sassafras
234.42,117,121,160,bdb8c7,evening-haze
359,157,105,138,b9b3c5,thistle
23.33,161,150,143,9890a2,lavender-gray
80,137,152,107,948d99,minimal-gray
46.67,137,127,92,8f8395,purple-ash
227.79,106,129,219,847986,gray-ridge
242.07,103,99,215,75697e,purple-sage
231.36,71,90,203,9d96b2,heirloom-lilac
359,195,56,192,a198af,wisteria
206.67,181,186,190,897f98,dusk
227.69,164,172,203,8981a0,daybreak
230.32,146,156,208,6a6378,cadet
246.86,145,137,207,675a74,mulled-grape
220.82,109,140,206,473854,purple-plumeria
243.83,105,99,193,c3babf,lilac-marble
359,224,89,192,b5acab,ashes-of-roses
30,224,208,192,a49ca0,gull-gray
33.1,212,199,183,92898a,zinc
48.33,192,185,156,918c8f,gull
359,189,170,177,6d636b,shark
10,191,171,167,69595c,sparrow
36.52,189,180,166,e0d0db,orchid-ice
39.68,197,176,135,e0c7d7,lilac-snow
31.62,209,174,135,d4b9cb,winsome-orchid
42,190,172,130,c0aac0,fair-orchid
24.19,193,156,131,bdabbe,lavender-frost
359,183,147,150,bfb4cb,orchid-petal
8.82,176,147,142,bdb0d0,pastel-lilac
14.59,161,133,124,c5aecf,orchid-bloom
359,139,117,132,d1acce,orchid-bouquet
359,147,121,123,be9cc1,lupine
359,146,108,113,c193c0,violet-tulle
16.96,139,106,93,b793c0,sheer-lilac
289.09,116,89,122,b085b7,african-violet
295,118,85,121,a1759c,dusty-lavender
279.23,96,79,105,8b79b1,paisley-purple
359,119,63,97,936ca7,hyacinth
359,119,84,93,926aa6,amethyst-orchid
359,101,77,84,8b5987,dewberry
359,120,61,82,745587,purple-heart
255.92,106,67,214,764f82,meadow-violet
258.49,102,57,203,603f83,royal-purple
255.38,90,50,206,775496,deep-lavender
260.74,96,49,185,774d8e,royal-lilac
255.38,108,78,195,653d7c,pansy
248.28,90,78,165,784384,bright-violet
253.67,89,71,150,6a397b,amaranth-purple
254.87,84,55,172,663271,purple-magic
252.46,72,45,175,5a315d,plum
246.99,57,40,186,604e7a,imperial-palace
45.52,210,196,152,6c4e79,patrician-purple
39.43,188,164,118,5a4769,loganberry
49.35,175,164,113,593761,majesty
37.78,152,132,98,542c5d,imperial-purple
273.91,158,145,168,482d54,crown-jewel
262.98,143,125,172,392852,parachute-purple
261.08,128,115,152,d2c4d6,lavender-fog
359,184,138,139,bca4cb,lavendula
19.09,169,139,125,afa4ce,lavender
36.92,166,146,114,9884b9,bougainvillea
23.72,145,119,102,9e91c3,violet-tulip
259.32,107,88,147,8f7da5,chalk-violet
259,108,89,149,807396,purple-haze
255,99,79,159,b88aac,smoky-grape
254.21,125,116,154,a98baf,regal-orchid
359,126,110,117,a692ba,viola
266.54,109,86,138,917798,orchid-mist
264,95,75,125,6b5876,grape-compote
257.65,83,53,155,6c5971,montana-grape
259.71,79,56,126,634f62,vintage-violet
266.13,79,52,114,7d74a8,aster-purple
256,100,96,111,7e6eac,dahlia-purple
286.67,109,102,111,6d5698,passion-flower
228,90,91,95,5f4b8b,ultra-violet
20,96,86,81,53357d,prism-violet
247.11,84,66,218,4f3872,heliotrope
245,68,55,211,6d6695,veronica
233.12,100,111,196,5a5b9f,blue-iris
240.67,98,97,186,60569a,purple-opulence
238.74,72,74,167,544275,gentian-violet
240.46,64,63,193,4d448a,liberty
244.71,68,57,197,646f9b,bleached-denim
243.88,58,49,188,62617e,heron
161.3,54,208,160,484a72,skipper-blue
27.06,208,180,157,403f6f,navy-blue
75,188,192,176,443f6f,deep-wisteria
359,197,184,187,3a395f,blue-ribbon
359,186,170,178,363151,astral-aura
42.58,170,161,139,d0d0da,lilac-hint
49.5,162,155,122,bcb4c4,misty-lilac
58.12,156,155,124,c5c0d0,lavender-blue
63.75,154,155,139,bab8d3,purple-heather
48.57,145,141,124,aaaac4,cosmic-sky
241.76,132,131,165,a2a1ba,languid-lavender
261.25,124,107,155,9c9ba7,dapple-gray
250.91,105,97,141,9a9bc1,sweet-lavender
216.28,92,109,135,919bc9,easter-egg
114.38,95,153,89,848dc5,jacaranda
54.19,148,142,86,7c83bc,deep-periwinkle
21.29,140,100,78,696ba0,dusted-peri
259.6,102,69,170,5c619d,violet-storm
247.58,71,59,154,5f6db0,baja-blue
225.6,54,66,104,9499bb,thistle-down
241.22,61,60,109,8c8eb2,persian-violet
149.03,61,123,91,66648b,twilight-purple
66.32,118,120,101,47457a,orient-blue
12,112,104,102,363b7c,clematis-blue
242.44,96,91,214,3d428b,royal-blue
251.76,81,51,204,3d3c7c,spectrum-blue
238.93,45,48,214,767ba5,lavender-violet
235.86,38,48,183,70789b,blue-ice
193.33,41,153,185,60688d,velvet-morning
273.21,159,128,184,515b87,marlin
263.29,116,83,168,2d3359,blueprint
238.43,78,81,193,263056,blue-depths
240,73,73,177,29304e,medieval-blue
240.94,77,75,202,9f99aa,lavender-aura
238.24,64,68,200,4e5368,nightshadow-blue
113.33,191,199,190,49516d,blue-indigo
85.71,187,193,179,4d495b,graystone
220.71,183,192,211,464b65,crown-blue
230.85,149,158,208,404466,deep-cobalt
218.64,97,139,215,bfc7d6,arctic-ice
222.32,99,132,211,bbc1cc,gray-dawn
224.6,90,119,203,b7c0d6,heather
223.45,140,156,198,959eb7,eventide
229.29,133,143,189,618bb9,silver-lake-blue
214.29,131,152,180,6384b8,blue-bonnet
168.39,129,160,154,5a77a8,blue-yonder
158,115,145,134,8c9cc1,lavender-lustre
203.23,110,129,141,858fb1,purple-impression
208.5,100,121,140,8398ca,grapemist
72.44,173,190,108,81a0d4,vista-blue
71.87,165,184,88,7391c8,cornflower-blue
130.91,147,180,153,6e81be,persian-jewel
103.04,140,173,127,6479b3,wedgewood
126.86,122,157,126,adbed3,skyway
147,101,141,119,a5b8d0,cashmere-blue
140.57,91,126,103,93b4d7,blue-bell
96.47,114,145,94,8cadd3,placid-blue
90.91,101,118,85,7a9dcb,della-robbia-blue
227.9,80,104,199,658dc6,provence
226.84,74,99,188,5b7ebd,ultramarine
226.34,61,94,206,7291b4,allure
230.36,36,63,204,65769a,colony-blue
231.23,35,54,165,506886,moonlight-blue
222.22,110,126,164,4a638d,dutch-blue
224.26,78,94,139,3d5e8c,delft
234,80,93,210,243f6c,limoges
232.4,63,82,213,233658,estate-blue
231.55,56,76,198,6e7e99,infinity
230.64,53,70,162,4e5e7f,bijou-blue
230.22,47,62,139,505d7e,coastal-fjord
150.57,119,172,146,3f5277,true-navy
170.53,93,150,141,384c67,ensign-blue
195.6,92,166,192,35465e,dark-denim
196.2,83,156,183,2f3e55,insignia-blue
205.79,62,127,176,77acc7,air-blue
206.67,79,124,160,5d96bc,heritage-blue
202.35,42,106,144,5ca6ce,ethereal-blue
150,109,169,139,539ccc,bonnie-blue
141.92,110,162,129,3e7fa5,cendre-blue
205.71,77,145,196,4f7ca4,parisian-blue
217.24,88,121,175,2a6a8b,faience
218.62,67,98,154,6da9d2,alaskan-blue
215.64,56,97,157,6ea2d5,little-boy-blue
210.79,56,93,132,4d91c6,azure-blue
155.68,123,160,145,5879a2,riviera
204.29,72,122,156,43628b,federal-blue
208.89,52,108,160,386192,star-sapphire
212.85,31,93,168,385d8d,bright-cobalt
208.3,25,81,131,7ba0c0,dusk-blue
210.3,26,76,127,487ab7,regatta
244.29,79,76,118,346cb0,palace-blue
170.49,50,132,119,1f5da0,strong-blue
170.45,26,114,100,195190,turkish-sea
224.19,56,95,204,1a4c8b,olympian-blue
233.53,73,88,212,0f4c81,classic-blue
231.04,56,79,210,4f84c4,marina
221.05,32,80,184,3272af,campanula
217.24,39,83,155,0f5f9a,daphne
216,30,80,155,08589d,victoria-blue
215.48,49,96,164,034f84,snorkel-blue
277.7,165,72,220,1a5091,nautical-blue
276.08,155,60,218,00539c,princess-blue
275.76,150,60,211,3850a0,dazzling-blue
266.72,121,68,187,384883,deep-ultramarine
284.57,113,61,131,203c7f,surf-the-web
127.27,113,179,121,273c76,mazarine-blue
359,201,183,190,1e4477,true-blue
45,192,179,140,313d64,twilight-blue
42.86,181,155,90,a5b3cc,kentucky-blue
37.41,163,131,78,9bb7d4,cerulean
42.13,155,127,61,96b3d2,powder-blue
81.08,103,129,55,899bb8,forever-blue
103.18,98,211,54,79839b,tempest
187.06,176,206,210,717f9b,country-blue
149.55,132,199,165,7181a4,english-manor
159.82,70,180,143,c9d3dc,illusion-blue
132.61,52,171,77,c0ceda,ballad-blue
151.88,50,114,84,b5c7d3,baby-blue
153.91,35,104,74,a3b4c4,celestial-blue
52.74,198,183,74,9babbb,blue-fog
46.36,152,137,86,677283,flint-stone
7.83,141,81,72,626879,folkstone-gray
289.09,74,65,76,b0b7be,pearl-blue
359,67,49,67,84898c,monument
278.82,60,49,66,46515a,dark-slate
125.38,54,210,68,2c313d,total-eclipse
131.11,52,160,72,323137,blue-graphite
205.82,53,143,211,232f36,dark-navy
228.36,43,75,208,c6d2d2,ice-flow
226.41,43,72,171,98a0a5,quarry
230.38,42,63,173,8d8f8f,griffin
226.42,54,66,107,4a4b4d,dark-shadow
359,163,55,92,434854,ombre-blue
359,160,49,92,3c3f4a,india-ink
274.81,134,58,189,41424a,ebony
287.8,140,46,164,363756,patriot-blue
246.79,60,48,154,343148,eclipse
244.57,57,50,142,353a4c,mood-indigo
242.34,62,59,136,2b2e43,peacoat
108.42,143,189,132,2b3042,black-iris
118.26,121,188,119,2a3244,dress-blues
182.26,102,153,155,363b48,blue-nights
166.76,89,157,142,a3bdd3,angel-falls
237.72,85,88,164,a0bcd0,dream-blue
240.83,81,80,152,8699ab,ashley-blue
246.38,84,79,126,8c9dad,dusty-blue
137.04,92,173,115,3c586b,indian-teal
114.55,92,142,87,39505c,stargazer
218.44,84,130,212,3e4f5c,orion-blue
227.68,91,114,203,8fadbd,forget-me-not
221.19,70,112,204,798ea4,faded-denim
220.15,64,107,194,66829a,blue-shadow
210.48,39,100,163,59728e,coronet-blue
359,181,137,149,557088,captains-blue
359,169,121,124,516b84,copen-blue
267.6,158,135,185,546477,china-blue
277.24,162,126,184,5c899b,adriatic-blue
271.82,135,100,166,5c798e,provincial-blue
259.17,116,93,165,5487a4,niagara
254.71,92,67,169,5b7e98,blue-heaven
105.52,162,206,148,46647e,stellar
94,158,192,132,405d73,real-teal
192.13,118,193,212,274357,majolica-blue
199.26,130,185,211,b5ced4,starlight-blue
215.77,134,155,186,a9c0cb,winter-sky
222.68,109,137,206,9ec1cc,stratosphere
228.21,87,109,199,a2b9c2,sterling-blue
212.73,157,182,212,879ba3,arona
177.27,138,182,180,748995,citadel
208.15,114,157,195,5c6d7c,blue-mirage
206.02,92,156,205,a2b6b9,cloud-blue
198.54,76,161,199,9eb6b8,ether
204.46,60,137,190,769da6,cameo-blue
215.38,82,114,160,829ca5,stone-blue
159.81,91,195,160,86a1a9,tourmaline
171.23,56,186,167,6d8994,smoke-blue
193.99,20,168,213,577284,bluestone
193.41,40,172,210,9dc3d4,aquamarine
185.41,54,165,176,8abad3,sky-blue
184.39,21,173,185,72a8ba,milky-blue
187.41,20,162,182,5cacce,blue-grotto
178.78,74,172,170,4ca5c7,norse-blue
176.93,38,175,168,3cadd4,aquarius
192.41,48,163,193,52a2b4,maui-blue
298.12,188,157,189,5bacc3,blue-mist
290.23,170,134,177,38afcd,river-blue
291.15,178,126,187,14a3c7,cyan-blue
286.55,165,120,178,289dbe,horizon-blue
167.37,149,187,179,3686a0,blue-moon
172.5,161,177,175,157ea0,bluejay
238.7,135,136,181,1478a7,mediterranean-blue
359,203,141,179,4abbd5,bachelor-button
359,201,135,163,00b1d2,blue-atoll
359,200,123,155,0088b0,vivid-blue
359,153,116,146,008db9,hawaiian-ocean
191.11,118,140,145,0087b6,blue-danube
148.57,111,132,121,007baa,blue-jewel
226.19,100,126,213,0074a8,methyl-blue
289.41,204,134,219,008cc1,malibu-blue
284.69,196,123,221,0084bd,blithe
285.96,191,119,213,007eb1,swedish-blue
289.53,188,117,203,0086bb,dresden-blue
277.71,180,114,219,007bb2,diva-blue
262.74,153,117,212,0077b3,blue-aster
259.05,137,97,223,0075af,cloisonne
290,198,88,220,0072b5,french-blue
278.51,176,90,224,0075b3,brilliant-blue
271.76,156,102,204,0061a3,directoire-blue
281.88,153,86,182,00589b,skydiver
146.84,135,211,169,005a92,imperial-blue
136.98,107,213,137,266691,deep-water
181.51,96,212,215,305679,dark-blue
195,195,207,211,bcd3d5,pastel-blue
216,184,192,204,aad5db,clearwater
156,195,200,198,b2d4dd,blue-glow
180,188,194,194,a5cfd5,plume
122.5,172,220,174,95c0cb,porcelain-blue
132.79,159,220,172,a1c8db,crystal-blue
180.59,123,224,225,87c2d4,petit-four
292.5,207,193,209,cbdcdf,wan-blue
225.52,168,175,197,c9dcdc,whispering-blue
246.49,163,159,196,c8e0e0,skylight
217.5,100,133,188,99c1cc,aquatic
158.88,93,218,174,76afb6,marine-blue
157.83,76,214,163,6f9fa9,reef-waters
182.88,66,205,212,648589,arctic
201.82,165,200,220,ccdad7,chalk-blue
195.27,118,200,228,c4d6d3,pale-blue
205.79,109,174,223,bfcdcc,misty-blue
201.62,85,172,221,bcc8c6,sky-gray
175.38,71,227,215,b4c8c2,surf-spray
173.53,72,211,196,99aeae,gray-mist
191.28,86,194,219,89acac,aquifer
169.83,138,197,187,c6e3e1,blue-glass
198.46,149,185,201,b0d3d1,icy-morn
152.31,144,170,158,9cc2c5,canal-blue
183.81,101,160,164,99c5c4,pastel-turquoise
134.87,106,219,134,87b9bc,aqua-haze
133.01,83,226,114,6baaae,aqua-sea
162.42,76,233,187,60a0a3,meadowbrook
141.38,140,227,171,c3dbd4,glacier
125.65,138,223,146,b8e2dc,fair-aqua
121.62,143,217,145,c3e9e4,soothing-sea
132.16,122,196,137,bce3df,bleached-aqua
116.5,110,223,103,acdfdd,blue-light
126.21,105,192,114,9fd9d7,blue-tint
148.07,95,204,146,7bc4c4,aqua-sky
191.43,138,155,159,cfdfdb,morning-mist
192,124,156,164,a8c0bb,harbor-gray
191.76,85,126,136,a3ccc9,eggshell-blue
217.96,87,105,136,649b9e,dusty-turquoise
135.73,85,188,112,5d9ca4,porcelain
141.65,70,167,105,4c7e86,brittany-blue
188.5,48,145,161,426972,hydro
186.88,58,143,154,a5bcbb,blue-haze
204.83,99,133,157,76a7ab,nile-blue
199.29,31,107,143,6d9192,mineral-blue
198.57,88,117,130,558f91,bristol-blue
167.44,24,153,126,478589,teal
159.56,31,166,120,486b67,blue-spruce
164.67,78,168,145,567572,sagebrush-green
176.55,53,140,135,8a9992,green-milieu
150,59,137,98,95a69f,jadeite
170.85,50,109,100,90a8a4,blue-surf
76.55,97,105,76,658c88,oil-blue
142.73,27,159,77,6a8988,trellis
129.64,42,154,60,536d70,north-atlantic
157.32,31,158,110,4c6969,sea-pine
153.49,51,137,99,8c9fa1,slate
180,50,128,128,8a9a9a,silver-blue
98.82,100,122,88,8f9e9d,abyss
73.33,112,114,105,7a898f,lead
132.45,97,150,108,6e8082,stormy-sea
143.25,60,140,91,697a7e,trooper
204.83,71,105,129,5f7278,goblin-blue
203.16,67,102,124,8a9691,slate-gray
205.6,45,88,120,7c8c87,chinois-green
359,135,78,116,556962,dark-forest
359,131,61,123,576664,balsam-green
233.51,88,92,125,55584c,beetle
171.18,68,102,97,303d3c,darkest-spruce
169.52,50,113,102,3a5c6e,mallard-blue
292.17,103,83,106,6380,celestial
213.33,83,87,92,1f6680,saxony-blue
202.91,39,73,94,5871,lyons-blue
26.15,132,110,93,0b5369,ink-blue
210.2,26,99,173,18576c,corsair
281.48,151,95,176,1f495b,legion-blue
267.47,129,91,174,4e6e81,aegean-blue
359,148,87,144,35637c,bluesteel
295.91,135,94,138,3b5f78,blue-ashes
359,133,78,115,325b74,midnight
13.33,131,117,113,09577b,blue-sapphire
272.9,134,83,176,005e7d,seaport
219.09,69,92,135,0f4e67,moroccan-blue
221.02,58,89,156,6175,ocean-depths
233.41,77,86,159,1b5366,blue-coral
218.53,48,87,157,2a5c6a,dragonfly
192.76,16,116,143,1f595c,pacific
100.91,146,161,139,33565e,balsam
207.33,115,164,205,32575d,mediterranea
211.3,97,152,212,2.74E+57,atlantic-deep
217.56,79,125,202,64a1ad,aqua
216.52,66,120,204,70a4b0,stillwater
216.16,41,101,192,6198ae,delphinium-blue
213.38,41,100,174,3c7d90,larkspur
169.91,53,160,142,47788a,storm-blue
193.57,64,153,179,436573,tapestry
195.97,20,133,174,2d6471,colonial-blue
192.96,34,132,159,00a0b0,peacock-blue
210.73,109,129,150,8799,capri-breeze
200.93,89,117,132,00859c,algiers-blue
218.28,84,105,142,00849f,caneel-bay
154.65,55,197,137,00819d,caribbean-sea
183.8,53,201,211,00758f,mosaic-blue
173.03,32,187,169,00698b,turkish-tile
162.13,49,190,148,83c5cd,angel-blue
161.54,54,171,135,58c9d4,blue-radiance
155.17,99,157,133,44bbca,capri
185.05,24,122,131,32becc,blue-curacao
150.55,78,188,134,00abc0,scuba-blue
176.79,64,176,170,009dae,bluebird
182.86,57,157,162,007a8e,enamel-blue
188.16,51,140,154,67bcb3,pool-blue
184.14,37,145,153,53b0ae,blue-turquoise
180.67,38,127,128,279d9f,baltic
165,32,152,122,008c96,lake-blue
62.91,210,215,112,8491,tile-blue
18.33,195,170,159,1a7f8e,pagoda-blue
359,192,153,157,97988,biscay-bay
359,142,134,140,81d7d3,aruba-blue
232.94,129,131,146,00aaa9,ceramic
152.73,118,129,124,9499,viridian-green
82.5,123,132,108,8786,tropical-green
49.29,186,181,158,8583,navigate
61.46,175,176,135,8381,deep-peacock-blue
92.86,135,158,116,8684,lapis
105.28,122,162,109,45b5aa,turquoise
84,119,135,95,3ab0a2,waterfall
130.77,85,124,92,4d9e9a,lagoon
69.31,100,109,51,30a299,bright-aqua
34.74,199,175,142,108780,porcelain-green
46.8,186,175,136,007c7a,blue-grass
53.57,161,155,105,006d70,fanfare
41.33,150,136,105,00af9f,atlantis
46.67,135,127,99,00af9d,pool-green
126.67,88,115,91,8.00E+80,dynasty-green
120,86,168,86,009b8c,spectra-green
192.58,96,145,158,9288,columbia
202.31,75,124,153,007f7c,teal-blue
262.22,135,125,152,00736c,parasailing
359,146,104,144,73a89e,wasabi
359,148,103,130,619187,beryl-green
359,169,69,111,4f7c74,deep-sea
61.05,163,164,107,427d6d,bottle-green
81.33,140,156,111,29685f,galapagos-green
46.83,134,125,93,29675c,antique-green
26.67,126,111,99,35453,storm
359,129,108,110,40a48e,marine-green
204,97,103,107,149c88,sea-green
171.43,88,95,94,007d69,greenlake
108.97,91,162,75,0a6f69,tidepool
129.71,91,159,102,226c63,ivy
138.56,62,159,92,00675b,cadmium-green
121.82,79,145,81,005f56,alpine-green
150,50,128,89,6da29e,canton
156.39,51,112,88,599f99,agate-green
52.68,113,108,72,549f98,sea-blue
94.62,83,113,61,379190,latigo-bay
238.25,87,91,224,358082,green-blue-slate
225,58,97,214,20706f,bayou
213.19,17,101,205,316c6b,north-sea
217.1,51,101,182,36716f,deep-jungle
222.14,49,88,180,005b5d,everglade
264.77,114,69,178,6361,teal-green
215.05,62,104,163,00656e,harbor-blue
224.43,53,94,211,00656b,deep-lake
230.28,62,85,204,00585e,shaded-spruce
226.62,60,89,190,18454b,deep-teal
223.51,53,89,184,4e6866,silver-pine
229.17,50,74,183,405e5c,mallard-green
277.64,128,59,169,395551,bistro-green
146.56,110,232,164,335959,jasper
180.84,80,221,223,255958,bayberry
177.78,58,220,214,264a48,june-bug
181.64,55,197,201,203b3d,ponderosa-pine
184.75,67,195,206,d2e8e0,aqua-glass
180.85,54,193,195,c3ddd6,opal-blue
359,184,181,182,c0dccd,dusty-aqua
95.56,193,225,171,8ec5b6,ocean-wave
102.86,191,221,179,81c3b4,holiday
67.66,209,215,168,76c1b2,cascade
84,186,204,159,7bb5a3,dusty-jade-green
88.52,178,207,146,bae1d3,honeydew
93,165,198,138,afddcc,brook-green
41.48,216,191,135,87d7be,cabbage
65.78,221,229,146,7accb8,beveled-glass
71.11,214,229,148,77cfb7,opal
70.26,202,215,139,55c6a9,biscay-green
80.8,197,223,148,64bfa4,spearmint
78.17,183,216,107,c7e5df,moonlight-jade
78.17,167,200,91,bae5d6,bay
45.43,224,190,84,a1d7c9,yucca
55.38,203,201,177,96dfce,beach-glass
58,196,195,166,87d8c3,ice-green
48.51,193,184,146,58c8b6,cockatoo
60,170,170,147,56beab,florida-keys
86.9,149,162,133,60c9b3,bermuda
359,136,120,132,4bc3a8,electric-green
9.71,206,118,101,00b89f,aqua-green
54.19,188,182,126,00aa92,billiard
50,181,167,97,00a28a,arcadia
12.97,173,115,99,8778,alhambra
29.33,178,132,88,9276,deep-green
19.7,155,110,88,00b694,mint-leaf
21.08,155,107,81,00a78b,peacock-green
52.39,207,189,65,9.00E+82,vivid-green
38.53,220,181,111,9473,emerald
49.23,170,156,92,00846b,viridis
51.72,170,162,112,006e5b,shady-glade
32.9,188,146,95,006b54,ultramarine-green
44.04,168,143,74,a9bdb1,silt-green
58.46,112,111,73,a3b5a6,frosty-green
73.26,138,159,64,8c9c92,iceberg-green
286.67,135,121,139,86a293,granite-green
54.86,122,119,87,7e9285,green-bay
44.15,125,111,72,818f84,lily-pad
53.33,111,107,75,616f65,laurel-wreath
26.67,116,91,71,589f7e,green-spruce
41.74,84,77,61,5b7961,comfrey
67.87,118,126,65,5b7763,dark-ivy
359,120,102,111,3e6f58,foliage-green
83.68,115,130,92,4f6b58,myrtle
64.74,111,114,76,325b51,posy-green
47.23,97,87,50,334d41,pineneedle
64.14,85,87,58,717e6f,sea-spray
22.86,118,79,55,53665c,duck-green
86.18,107,155,45,578270,frosty-spruce
244.77,105,98,186,3a725f,fir
241.58,83,80,194,11574a,evergreen
236.5,75,82,195,335749,hunter-green
245.08,89,78,208,314f40,dark-green
268.97,126,70,186,729b8b,feldspar
236.79,60,66,172,3e6257,smoke-pine
204.77,61,125,170,355048,trekking-green
223.75,71,110,215,3e524b,garden-topiary
243.81,95,87,213,3c4e47,jungle-green
260.58,111,64,201,35463d,sycamore
235.65,55,65,193,324241,green-gables
254.76,97,66,192,807d6f,vetiver
253.55,82,54,178,6e6e5c,deep-lichen-green
158.77,74,204,158,50574c,thyme
185.04,84,204,215,3a4032,kombu-green
175.56,65,200,190,37413a,deep-forest
172.3,65,213,194,434237,forest-night
179.56,57,194,193,36362d,rosin
14.59,210,182,173,b8ccba,celadon
46.42,190,178,137,c1ccc2,pale-aqua
89.07,180,227,130,bfc8c3,smoke
168.16,151,227,212,d1d5d0,foggy-dew
159.05,159,222,200,bac2ba,mercury
160,139,211,187,b2b6ac,mineral-gray
163.06,119,204,180,a5b2aa,aqua-gray
172.94,160,194,190,d8e3d7,fairest-jade
184.74,139,174,177,dde3d5,water-lily
145.47,124,230,169,d6dec9,canary-green
182.12,124,206,209,cad3c1,almost-aqua
184.24,130,209,215,c5ccc0,green-tint
166.83,124,206,188,b7c2b2,sea-foam
174.32,118,192,185,a7ae9e,desert-sage
211.15,127,152,179,e0e6d7,whisper-green
205.2,112,141,162,cbcebe,celadon-tint
143.84,79,225,137,c4d1c2,dewkist
149.47,46,217,130,c1cec1,green-lily
117.46,135,203,132,aac0ad,cameo-green
128.86,107,195,120,959889,seagrass
124,102,207,109,888d82,shadow
125.51,96,194,105,cee1d4,clearly-aqua
141.36,58,190,105,bcd9c8,misty-jade
123.33,75,219,83,b5cbbb,subtle-green
141.5,55,228,117,adc3b4,aqua-foam
143.51,58,206,116,b2cfbe,gossamer-green
118,117,204,114,9bc2b1,lichen
148.7,18,202,106,9bbea9,grayed-jade
57.6,191,187,91,cfdbd1,milky-green
34.77,191,154,103,dce4d7,phantom-green
56.2,167,162,88,aacebc,mist-green
60.79,158,159,83,aaccb9,birds-egg-green
68.06,146,155,88,bccab3,bok-choy
62.73,145,149,61,a8bba2,smoke-green
78.4,117,140,65,709a89,malachite-green
35,185,140,77,8aa282,mistletoe
359,169,112,118,879f84,basil
42.35,163,138,78,7a9b78,mineral-green
76.22,123,143,69,7d956d,green-eyes
81.56,121,144,80,6f8c69,turf-green
67.5,134,141,85,748c69,watercress
3.46,137,88,85,547053,elm-green
36.41,178,132,61,768a75,hedge-green
38.18,159,131,82,788f74,loden-frost
76.8,126,147,72,739072,shale-green
73.64,121,141,53,6f8d6a,kashmir
123.41,57,145,62,6.58E+69,stone-green
109.09,68,149,50,558367,deep-grass-green
100,71,109,52,769358,piquant-green
246.35,126,117,202,6b8d53,forest-green
204.62,109,155,187,699158,fluorite-green
201.33,43,130,178,53713d,cactus
210.65,69,114,161,4.95E+37,garden-green
238.67,111,112,156,4b6d41,artichoke-green
226.05,105,115,148,59754d,willow-bough
178.72,72,119,118,7e9b76,aspen-green
238.04,77,80,169,3c824e,medium-green
221.45,85,102,140,3d7245,juniper
209.66,51,95,138,477050,fairway
359,134,83,131,5f7355,vineyard-green
205.29,31,90,133,6f7755,dill
359,176,79,142,37503d,greener-pastures
359,151,72,131,616652,four-leaf-clover
285.96,136,64,158,525f48,bronze-green
132.63,117,231,141,4a5335,chive
120,129,211,129,545a3e,cypress
131.25,115,211,133,414f3c,black-forest
116,123,193,118,414832,rifle-green
81.38,161,192,105,394034,duffel-bag
95.29,156,186,135,d2e7ca,ambrosia
90,159,162,156,bed3bb,spray
123.12,141,218,145,b4d3b2,pastel-green
102.5,160,194,146,97c1a1,hemlock
82.5,155,176,120,9fc09c,sprucestone
105.63,122,176,105,8bba94,meadow
47.52,198,177,97,77a276,jadesheen
49.35,201,182,94,a0daa9,green-ash
49.09,195,181,118,8bc28c,greengage
53.57,196,187,112,7cb08a,ming
45,181,163,109,7cb083,zephyr-green
38.44,181,158,117,82b185,peapod
44.38,192,167,96,7cb68e,light-grass-green
22.64,223,157,117,76b583,absinthe-green
28.91,211,140,74,7fbb9e,neptune-green
359,213,99,179,70a38d,creme-de-menthe
99.38,184,205,173,4f9e81,winter-green
71.05,181,188,150,2ea785,gumdrop-green
41.25,199,184,151,0f9d76,holly-green
31.84,185,162,136,008c69,parakeet
18.62,215,155,128,8763,golf-green
18.68,207,134,101,6bcd9c,spring-bud
359,205,121,179,66bc91,katydid
16.88,190,167,158,60b892,jade-cream
30,175,161,147,3aa278,ming-green
54.83,163,158,105,4b9b69,greenbriar
43.2,176,155,101,378661,leprechaun
7,231,125,111,3a795e,pine-green
359,236,88,107,00a776,blarney
359,233,103,159,00a170,mint
50,241,209,49,009e6d,deep-mint
55.63,220,209,69,009b75,simply-green
54.38,211,199,83,007d60,pepper-green
53.28,203,188,69,7558,bosphorus
41.82,225,175,60,12674a,verdant-green
42.51,223,172,48,bfd1b3,seacrest
12.6,227,148,127,bfd1ad,gleam
66.67,223,234,135,a7c796,nile-green
50.7,231,211,102,9ebc97,quiet-green
45.98,225,200,118,92af88,fair-green
35.41,229,179,107,91ac80,forest-shade
40.96,213,180,109,759465,jade-green
42.99,207,169,73,b9eab3,patina-green
38.02,197,160,96,a9d39e,pistachio-green
80,186,231,96,a3c893,arcadian-green
70.3,176,193,94,7bb369,grass-green
69.44,183,200,92,79b465,bud-green
69.23,179,199,69,86a96f,green-tea
49.76,175,168,134,89a06b,tendril
37.06,175,136,73,b2e79f,paradise-green
4.84,163,106,101,9fc131,lime-green
87.08,160,211,98,7ec845,jasmine-green
83.82,154,206,75,79c753,green-flash
77.68,146,174,79,39a845,classic-green
88.98,133,190,72,44883c,online-lime
59.21,163,162,87,476a30,treetop
62.78,153,158,50,7ed37f,summer-green
3.87,154,125,123,6dce87,spring-bouquet
77.65,156,181,96,2bae66,island-green
75,153,168,108,45be76,irish-green
82.4,128,156,81,6fa26b,shamrock
86.05,122,155,79,699e6d,peppermint
35.45,194,140,62,487d49,mint-green
1.61,197,88,85,4db560,poison-green
359,208,115,122,55a860,vibrant-green
76,181,201,126,339c5e,kelly-green
70.11,173,188,99,009b5c,bright-green
67.62,168,176,113,008c45,fern-green
60,161,161,80,8658,jelly-bean
35.84,211,149,57,1f7349,amazon
42.18,202,153,37,b0c965,green-glow
359,212,127,135,97bc62,bright-lime-green
59.44,203,202,95,88b04b,greenery
52.33,195,173,23,75a14f,foliage
53.5,192,175,35,819548,peridot
48.37,197,172,68,7b7f32,woodbine
54.18,194,181,60,a1ca7b,jade-lime
56.28,180,171,35,9cad60,herbal-garden
140.55,163,236,188,9faf6c,leaf-green
130.99,144,215,157,8db051,parrot-green
106.85,154,211,138,a0ac4f,dark-citron
121.2,141,191,142,9bb53e,macaw-green
116.19,132,191,128,7aab55,kiwi
124.24,119,204,125,c6ec7a,sharp-green
124.19,129,215,135,c9d77e,daiquiri-green
162.3,117,239,203,c3d363,wild-lime
175.14,106,217,208,c4bf71,linden-green
172.56,94,215,200,b5bf50,bright-chartreuse
194.34,89,175,202,b5cc39,tender-shoots
133.33,164,182,168,c0d725,lime-punch
149.19,145,182,163,dfef87,sunny-lime
150.97,129,160,145,d3d95f,limeade
143.65,128,232,169,d5d717,sulphur-spring
143.68,110,224,155,b8af23,citronelle
153.68,101,215,165,b5b644,apple-green
151.38,102,211,159,c7b63c,warm-olive
85.2,182,203,153,b9a023,antique-moss
78.11,181,197,144,d7e8bc,lime-cream
63.33,178,180,144,cfe09d,shadow-lime
108.28,164,234,147,cdd78a,lime-sherbet
102,164,234,134,bed38e,lettuce-green
116.76,129,234,123,afcb80,sap-green
119.02,116,236,114,a3c57d,opaline-green
88.64,153,216,84,b0b487,winter-pear
101.71,147,204,122,e7eacb,sylvan-green
93.25,160,206,123,ecead0,glass-green
88.87,163,227,94,e9eac8,green-essence
94.01,133,222,65,f1ecca,ethereal-green
100.38,129,234,78,dcd8a8,garden-glade
108.09,117,230,89,d3cca3,hay
89.45,142,223,58,cbce91,pale-green
91.76,132,213,60,e1e3a9,young-wheat
108.82,100,231,70,dfde9b,citron
113.1,113,213,100,e3eaa5,luminary-green
110.73,103,196,86,dfe69f,pale-lime-yellow
108.48,103,204,79,e7df99,chardonnay
60.98,186,188,65,e1d590,lima-bean
79.35,140,180,56,e5e790,charlock
82.55,124,177,36,d5d593,mellow-green
85.98,122,177,50,cfc486,shadow-green
184.76,117,175,180,c5cc7b,celery-green
201.69,99,152,182,babc72,green-banana
194.38,87,160,183,b0b454,green-oasis
359,175,157,165,b7b17a,leek-green
359,171,128,161,b3b17b,weeping-willow
212.94,100,123,151,afaf5e,palm
212.61,100,121,146,af9841,golden-olive
207.78,88,146,196,a3a04e,oasis
204.15,83,132,165,a09d59,moss
204.89,84,139,178,9a803a,amber-green
288.24,167,126,177,927b3c,ecru-olive
288,159,123,168,857946,green-moss
274.41,132,93,161,a39264,khaki
250.53,109,99,156,998456,fennel-seed
149.09,104,203,152,9a8b4f,willow
129.87,128,207,141,9c7e41,bronze-mist
103.85,154,211,133,997b38,dried-tobacco
79.77,164,193,105,805d24,tapenade
82.16,146,187,76,7a6332,plantation
89.19,141,177,103,c2cbb4,fog-green
54.43,182,173,85,c5cfb6,tender-greens
78.72,183,222,97,d0d3b7,aloe-wash
90.41,147,222,74,b5c1a5,celadon-green
98.3,129,219,78,adbba1,laurel-green
77.33,174,213,78,a8b197,swamp
73.21,176,211,52,a1ad92,reseda
58.81,206,203,55,d3dec4,meadow-mist
64.49,188,199,52,cadea5,butterfly
98.18,151,207,119,d4dbb2,white-jade
99.04,139,193,110,cbd5b1,seafoam-green
114.12,95,187,85,c3d3a8,reed
26.87,243,169,109,c0cba1,seedling
29.19,231,155,83,b4c79c,foam-green
24.2,244,139,68,c2c18d,beechnut
22.59,246,145,84,b4bb85,nile
359,235,130,153,a3a969,sweet-pea
0.65,228,137,136,909b4c,spinach-green
359,246,122,136,9aa067,fern
359,238,111,121,8d8b55,green-olive
359,248,103,117,849161,epsom
359,249,95,101,77824a,grasshopper
33.25,244,174,87,81894e,turtle-green
7.63,251,148,133,757a4e,calliste-green
9,200,132,120,6a6f34,calla-green
15,160,133,124,5e6737,cedar-green
359,223,113,134,595f34,pesto
1.25,193,99,97,a4ae77,tarragon
7.25,187,107,96,91946e,sage
73.04,161,186,71,818455,iguana
79.23,148,173,95,80856d,oil-green
34.83,232,172,89,6e7153,loden-green
31.1,233,154,69,656344,capulet-olive
71.46,134,151,62,666b54,olivine
33.23,180,122,50,b6ba99,lint
35.04,155,108,42,b5ad88,pale-olive-green
37.5,158,155,150,b2ac88,sage-green
38.77,162,139,97,a49a79,gray-green
28.63,232,152,79,a49775,sponge
35.34,226,159,63,817a65,mermaid
33.83,195,137,62,746c57,dusky-green
23.33,221,122,59,999b85,tea
22.55,202,109,53,938b78,silver-sage
359,209,40,151,a0987c,slate-green
359,162,133,152,a39f86,elm
30.31,170,122,73,858961,mosstone
16,161,106,86,817a60,aloe
19.62,170,100,66,756d47,olive-drab
21.94,157,98,64,9.28E+66,cedar
94.21,117,182,68,847a59,dried-herb
219.23,106,124,158,646a45,olive-branch
260,119,110,137,71643e,lizard
261.18,106,100,117,676232,avocado
38.82,108,102,91,67592a,fir-green
10.59,100,86,83,bab696,bog
359,242,77,105,8c7c61,elmwood
20.56,242,171,134,7c6e4f,gothic-olive
63.75,165,167,135,7a643f,butternut
359,185,96,117,75663e,nutria
359,166,99,113,63563b,military-olive
359,182,84,147,574d35,dark-olive
359,165,80,147,afab97,moss-gray
359,162,81,106,aba798,abbey-stone
36.88,203,161,94,646049,burnt-olive
25.26,163,141,125,646356,dusty-olive
6.21,148,122,119,585442,ivy-green
359,157,98,153,535040,olive-night
359,159,92,131,545144,grape-leaf
153.75,70,118,97,a7a19e,porpoise
113.64,86,145,79,9f8d89,satellite
96.14,99,152,64,847a75,driftwood
217.8,95,132,195,6d625b,falcon
359,169,126,145,685c53,morel
74.24,154,168,109,807669,fallen-rock
196.15,129,167,181,9a9186,vintage-khaki
231.04,113,123,180,a49887,crockery
197.68,42,109,137,928475,greige
192.43,42,153,182,8d7e71,desert-taupe
165,150,154,153,b6a893,white-pepper
131.54,132,184,142,b7a793,humus
44.8,183,164,108,937b6a,portabella
32.65,155,124,87,816d5e,caribou
137.65,38,106,58,ae997d,travertine
200.73,40,76,95,b09a77,starfish
120.92,38,234,41,ceb899,semolina
66.38,191,211,23,bca483,curds-and-whey
65.43,189,206,18,977c61,tigers-eye
80,158,227,20,8b6a4f,toasted-coconut
90.95,129,227,37,5f4c40,rain-drum
105.34,74,207,31,f3eac3,pear-sorbet
118.29,37,207,32,e7d391,pineapple-slice
115.56,50,225,36,face6d,yarrow
118.48,39,231,34,f4e3b5,anise-flower
115.48,48,220,34,f6e3b4,flan
118.67,40,216,36,ebcf89,sundress
116.47,47,191,38,e4cfb6,macadamia
127.08,39,200,58,f6e199,lemon-meringue
111.53,45,118,33,eee78e,yellow-iris
23.17,181,92,36,f8dc6c,goldfinch
38.02,165,117,34,f9d857,lemon-zest
93.91,75,101,55,f4bf3a,solar-power
143.51,18,92,47,fbc85f,samoan-sun
55,87,83,39,c87629,desert-sun
132.86,32,74,41,a05c17,pumpkin-spice
29.05,169,104,43,df7500,orange-pepper
36.99,120,92,47,c16512,marmalade
22.89,136,76,39,bb5c14,hawaiian-sunset
46.07,97,84,41,a15325,autumnal
19.12,133,71,42,944a1f,umber
153.46,18,70,47,e86800,exuberance
153.6,35,60,49,e95c20,puffins-bill
23.71,213,112,46,864c24,caramel-cafe
284.89,186,85,220,b45422,gold-flame
273.75,146,65,209,9b4722,cinnamon-stick
288.46,128,65,143,9e4624,potters-clay
282.58,118,52,145,a23c26,rooibos-tea
231,82,88,122,e8703a,celosia-orange
295.91,77,36,80,e2552c,orangeade
359,161,23,80,c34121,pureed-pumpkin
359,127,24,82,dd4124,tangerine-tango
359,126,32,115,ca3422,poinciana
359,120,65,87,d15837,koi
268.62,94,32,162,a2242f,samba
264.26,92,35,176,aa0a27,barbados-cherry
246.29,59,46,170,a11729,haute-red
359,152,32,90,aa182b,salsa
359,146,40,116,9d202f,scarlet-sage
359,127,40,120,9.41E+34,scooter
280,88,36,114,7d2027,red-dahlia
174.31,70,207,194,752329,sun-dried-tomato
170.77,102,193,179,6a2e2a,fired-brick
183.95,78,149,154,77202f,rhubarb
186.25,88,131,136,6a282c,syrah
100,78,110,62,6c2831,pomegranate
359,72,28,51,64242e,cabernet
359,67,35,53,f2cfdc,ballerina
284.17,156,36,199,f2c1d1,fairy-tale
265.1,115,51,204,a5958f,etherea
277.03,148,40,215,b98391,foxglove
275.88,163,105,202,a66e7a,mesa-rose
73.52,107,123,52,b61c50,jazzy
114.32,67,134,60,a52350,granita
218.18,33,41,55,a22452,cherries-jubilee
265.19,120,52,214,cb3373,cabaret
231.03,46,72,220,a32857,vivacious
286.47,181,78,211,9469a2,bellflower
191.76,91,173,193,9d7bb0,english-lavendar
154.29,68,131,104,46295a,acai
122.31,63,115,65,563474,tillandsia-purple
260.8,67,41,116,634878,picasso-lily
249,57,42,142,5f4e72,mystical
359,56,42,52,a9adc2,icelandic-blue
127.03,52,163,65,9a9eb3,aleutian
128.81,46,155,62,81839a,silver-bullet
120.87,54,192,56,717388,blue-granite
125.24,43,169,54,2a293e,evening-blue
240.33,42,41,223,2c2a33,deep-well
359,239,45,217,2a2a35,night-sky
359,237,43,110,96a3c7,blue-heron
45.48,240,202,83,849bcc,hydrangea
44.03,239,198,85,b7c0d7,xenon-blue
35.09,246,180,87,9ba9ca,brunnera-blue
28.4,243,154,74,262934,sky-captain
359,240,85,218,282d3c,navy-blazer
359,236,54,212,262b37,dark-sapphire
359,241,52,208,bfcad6,plein-air
359,237,67,177,bdc6dc,halogen-blue
359,240,101,209,9eb4d3,chambray-blue
359,232,43,60,819ac1,bel-air-blue
2.47,215,52,45,4a556b,vintage-indigo
359,235,51,216,253668,sodalite-blue
359,243,47,192,323441,parisian-night
359,245,48,144,274374,monaco-blue
39.5,247,206,127,30658e,vallarta-blue
45.28,223,197,117,282b34,salute
3.93,248,91,80,2f3441,outer-space
359,214,64,79,2c333e,blueberry
359,192,57,165,272f38,carbon
359,243,128,129,2d3036,vulcan
359,234,62,136,b5cedf,omphalodes
58.6,204,202,118,a5c5d9,cool-blue
35.32,254,189,96,4b5b6e,bering-sea
38.67,254,195,88,2c4053,blue-wing-teal
42.61,210,170,72,123955,poseidon
40.52,231,206,154,5780,mykonos-blue
359,199,64,155,203e4a,reflecting-pond
359,245,49,147,a9cada,corydalis-blue
53.22,226,213,111,78bdd4,blue-topaz
47.32,218,188,76,88c3d0,gulf-stream
15.22,247,144,109,61aab1,aquarelle
13.08,247,125,91,85ced1,aqua-splash
2.38,235,114,109,12403c,botanical-garden
359,247,77,85,23312d,scarab
0.48,198,75,74,d5d5d8,nimbus-cloud
42.58,195,159,71,babcc0,micro-chip
285,145,124,152,929090,wet-weather
20.49,152,125,111,807d7f,titanium
359,171,115,139,767275,december-sky
359,186,91,166,524d50,pavement
359,216,86,105,4d4b4f,magnet
359,251,59,75,a19fa5,silver-sconce
42.8,192,151,49,7f7c81,silver-filigree
13.02,249,148,120,7e7d88,quicksilver
32.83,207,135,48,787376,storm-front
359,212,94,142,5e5b60,tornado
2.53,159,68,64,3b3b48,graphite
24.35,185,103,47,98979a,alloy
19.12,146,84,55,92949b,sleet
25.91,175,100,43,7f8793,tradewinds
19.63,152,80,45,585e6f,grisaille
21.27,121,70,42,46444c,periscope
11.4,149,68,49,4e545b,turbulence
73.16,130,155,41,58646d,stormy-weather
23.79,214,112,45,4e5055,iron-gate
272.41,191,144,231,48464a,forged-iron
249.06,177,169,222,434447,asphalt
359,217,113,214,9c9b98,ghost-gray
359,215,84,205,73706f,brushed-nickel
359,204,54,200,94908b,mourning-dove
359,244,100,231,a3a9a6,belgian-block
359,254,68,155,43544b,cilantro
359,254,61,222,213631,pine-grove
359,254,195,254,2.64E+38,eden
285,192,90,226,7844,jolly-green
294.58,204,73,217,2e3d30,mountain-view
359,189,53,187,b5c38e,margarita
359,235,57,103,5b5a41,winter-moss
359,185,45,121,444940,climbing-ivy
291.32,176,46,198,3f352f,delicioso
288.42,179,41,212,433937,mulch
280,145,39,198,392d2b,mole
254.75,93,48,231,382e2d,chocolate-torte
285.5,154,41,190,34292a,ganache
359,156,43,58,2e272a,black-bean
82.2,171,235,62,363031,espresso
82.5,173,230,78,2b2929,meteorite
67.06,210,234,30,2a2b2d,tap-shoe
71.25,197,224,80,efebe7,white-alyssum
76.06,197,235,93,ede6de,jet-stream
52.83,249,238,157,f0ead6,sweet-cream
89.01,164,237,86,efe0cd,buttercream
48.71,249,233,164,f6ebc8,lemon-icing
47.18,252,230,149,f3eee7,sugar-swizzle
54.71,247,241,179,f0ede5,coconut-milk
52.5,247,239,183,ece99b,yellow-pear
157.6,152,227,199,f1e6de,sea-salt
172.5,159,207,201,edf1fe,brilliant-white
171.55,152,223,213,f0efe2,cannoli-cream
176.96,93,231,224,e8e3d9,tofu
164.52,152,214,198,d7cfbb,pistachio-shell
163.12,177,209,200,ebdf67,celandine
199.06,147,205,232,f3e779,lemon-verbena
178.48,145,224,222,f5d6c6,creme-de-peche
190.99,148,206,219,f7d1d4,marys-rose
87.37,141,219,48,dfcdc6,morganite
92.8,139,221,71,f8e0e7,rose-water
68.94,196,217,76,d6cebe,almond-milk
126.59,137,219,146,c0db3a,lime-popsicle
78.62,185,212,125,f3dd3e,golden-kiwi
40.42,244,213,149,ead94e,meadowlark
80,190,194,182,ccdb1e,evening-primrose
188.31,114,170,179,fed450,habanero-gold
359,206,187,190,fed55d,minion-yellow
359,206,184,189,d2c29d,soybean
203.61,152,189,213,e7aa56,jurassic-gold
111.82,183,202,180,c7bba4,brown-rice
176.6,152,205,202,f5b895,peach-quartz
194.37,148,202,219,e2bdb3,peachy-keen
178.91,151,206,205,dacab7,brazilian-sand
193.12,131,206,227,f7cdc7,pink-salt
181.9,136,197,199,f7cac9,rose-quartz
94.17,112,198,47,ebced5,ballet-slipper
124.09,132,220,138,f7cee0,cherry-blossom
132.41,76,221,106,c6c5c6,antarctica
104,90,211,46,c3c6c8,oyster-mushroom
103.82,93,223,45,91dce8,tanager-turquoise
149.33,84,174,128,98ddde,limpet-shell
124.46,49,170,58,abd3db,iced-aqua
103.71,121,172,102,badf30,acid-lime
92.88,90,170,24,d8ae47,spicy-mustard
125.6,101,176,108,fbaa4c,kumquat
125,78,186,87,c0ac92,irish-cream
110.29,113,170,102,f9aa7d,orange-chiffon
148.62,104,169,135,cfb095,hazelnut
205.38,171,186,197,d4bab6,sepia-rose
215.29,168,182,202,b1aab3,raindrops
206.67,147,177,201,9fa9be,zen-blue
191.59,120,191,208,b9babd,quiet-gray
203.44,142,181,206,92b6d5,airy-blue
99.57,103,194,56,afb1b4,harbor-mist
100.63,115,222,64,98bfca,sea-angel
63.08,188,194,77,79b5db,baltic-sea
12,180,156,150,83c2cd,antiqua-sand
47.71,182,165,99,95dee3,island-paradise
39.36,186,143,61,82c2c7,tibetan-stone
84.75,115,148,68,bfa58a,ginger-root
82.34,111,165,20,b18f6a,iced-coffee
45,192,161,68,d7942d,golden-orange
36.64,198,140,49,cca580,porcini
66.21,123,132,45,f4963a,iceland-poppy
37.14,142,126,100,fea166,papaya
130.43,99,145,107,fe8c18,carrot-curl
215.71,98,115,140,fe840e,turmeric
247.92,147,140,193,fe7e03,tangelo
195.85,111,150,164,c0916c,fenugreek
210.97,125,155,187,cc7357,dusted-clay
143.48,90,159,117,bd8c66,pastry-shell
93.45,97,160,47,eb9687,blooming-dahlia
103.68,77,168,43,b99bc5,crocus-petal
146.6,78,175,121,b09fca,purple-rose
151,91,151,122,b3a0c9,lilac-breeze
148.07,45,154,96,91a8d0,serenity
89.41,114,164,62,5dafce,crystal-seas
84.93,104,163,21,9a9738,golden-lime
118.06,97,127,96,9c9a40,split-pea
108.46,73,115,63,aba44d,lentil-sprout
76.74,94,118,32,ada396,pure-cashmere
105,70,103,59,d27f63,sun-baked
157.5,95,111,105,c5733d,peach-caramel
222.22,93,101,120,c57644,tomato-cream
197.89,60,100,117,f96714,orange-tiger
207.27,92,116,136,a46f44,meerkat
212.66,84,120,163,f96531,exotic-orange
203.48,93,135,162,fc642d,dragon-fire
204.47,99,144,175,f77464,coral-quartz
202.89,90,150,187,f7786b,peach-echo
185.9,74,129,135,98878c,purple-dove
219.31,110,140,197,9f90c1,sand-verbena
211.28,86,131,180,9896a4,lilac-gray
259.02,102,89,130,5d81bb,granada-sky
204.38,114,133,146,988c75,tree-house
210.97,123,138,154,b1832f,chai-tea
214.12,77,121,179,93592b,roasted-pecan
245.78,97,89,172,918579,roasted-cashew
225.54,71,98,183,948a7a,winter-twig
230.59,109,117,160,8d7960,petrified-oak
222.42,62,91,161,8b593e,argan-oil
144.78,39,85,58,c46215,autumn-maple
165.88,58,75,71,897560,sepia-tint
146.32,38,95,63,b95b3f,spice-route
120,77,91,77,f45520,scarlet-ibis
359,67,49,50,be4b3b,summer-fig
109.51,43,128,25,725f69,moonscape
112.14,34,107,23,ce5b78,fruit-dove
111,53,121,41,ce3175,pink-yarrow
141.55,18,121,55,988088,toadstool
137.37,21,135,54,b76ba3,bodacious
150,42,132,87,9879a2,diffused-orchid
120.56,41,149,42,9479af,fairy-wren
120.73,41,123,42,9787bb,sunlit-allium
95.7,82,129,50,838487,sharkskin
131.3,37,106,50,8895c5,pale-iris
130,24,120,40,707bb4,iolite
163.97,21,137,106,848182,gray-flannel
164.86,21,128,101,4c6a92,riverside
142.72,21,124,60,5a789a,quiet-harbor
153.27,21,131,82,5d89b3,lichen-blue
164.86,21,132,104,5480ac,pacific-coast
168.82,21,123,104,007cb7,ibiza-blue
189.27,21,114,131,3183a0,navagio-bay
175.56,21,102,96,0084a1,barrier-reef
191.75,21,99,118,797b3a,guacamole
201.07,21,106,152,5a7247,kale
212.68,21,72,133,65663f,mayfly
202.27,21,104,153,4e632c,twist-of-lime
202.13,21,98,143,716a4d,martini-olive
188.8,21,85,96,684832,emperador
218.61,21,57,122,ab6819,thai-curry
218.53,21,60,130,a86217,honey-ginger
211.53,21,86,158,935529,sugar-almond
226.06,21,54,163,783937,spiced-apple
228.24,21,50,169,8e3c36,chili-oil
229.03,21,38,114,675657,plum-truffle
241.99,21,16,167,73362a,brandy-brown
241.67,21,18,126,bc322c,valiant-poppy
189.4,21,91,104,b4262a,aura-orange
184.86,21,89,95,b61032,toreador
244.92,21,16,77,ba0b32,lychee
242.22,21,19,73,b91228,goji-berry
221.54,21,33,60,735b6a,arctic-dusk
189.82,21,67,76,6f5965,ephemera
151.91,21,68,46,c01352,love-potion
200.62,21,42,53,c62168,pink-peacock
164.65,21,64,53,7b4368,grape-kiss
143.29,21,106,54,8e4483,willowherb
159.18,21,70,53,632a60,charisma
147.5,21,93,54,624076,plum-jam
146.32,21,78,46,936a98,lavender-crystal
140.28,21,92,45,6f4685,purple-sapphire
139.7,21,88,43,7d5d99,chive-blossom
147.34,21,100,57,5a4e8f,purple-corallite
152,21,96,61,615c60,volcanic-glass
161.3,21,98,74,4d587a,gray-blue
146.21,21,108,59,4e6482,blue-horizon
165.85,21,144,115,5b609e,iris-bloom
163.03,21,120,92,2d62a3,nebulas-blue
147.91,21,107,61,006ca9,indigo-bunting
148.5,21,101,59,7290,fjord-blue
137.26,21,94,42,0078a7,hawaiian-surf
187.12,21,73,80,006b7e,tahitian-tide
175.45,21,87,82,6865,quetzal-green
145.88,21,72,43,615e5f,granite-gray
182.47,21,91,94,6.00E+51,lush-meadow
186.09,21,83,90,49494d,gray-pinstripe
216.77,21,45,83,5e5749,sea-turtle
198.31,21,62,80,46483c,deep-depths
221,21,59,141,5f5b4c,kalamata
216.32,21,66,135,5d5348,crocodile
213.79,21,66,124,3c2d2e,chocolate-plum
202.73,21,62,87,5c3e35,chocolate-lab
206.79,21,52,77,543b35,shaved-chocolate
212.11,21,54,92,5d4236,fondue-fudge
221.36,21,53,124,634235,tiramisu
208.52,21,53,82,5a3e36,rocky-road
218.75,21,38,69,4a342e,chicory-coffee
200,21,53,69,6e362c,smoked-paprika
219.51,21,35,62,56352d,chocolate-fondant
220.98,21,34,62,66352b,cherry-mahogany
218.05,21,36,62,72262c,merlot
169.2,21,71,62,7b3539,red-pear
212.2,21,40,62,4d233d,pickled-beet
210.73,21,41,62,61224a,plum-caspia
191.71,21,54,62,47243b,winter-bloom
215.12,21,38,62,6d4773,spiced-plum
165.56,21,75,62,3e285c,violet-indigo
172.34,21,68,62,3a363b,obsidian
213.66,21,39,62,26262a,black-beauty
185.85,21,58,62,4d4b50,blackened-pearl
173.48,21,67,62,434452,odyssey-gray
185.85,21,58,62,2b272b,black-onyx
188.78,21,56,62,223a5e,navy-peony
165.56,21,75,62,35435a,sargasso-sea
161,21,81,62,0e3a53,sailor-blue
165.56,21,75,62,123850,gibraltar-sea
184.39,21,59,62,004b8d,lapis-blue
184.39,21,59,62,155187,baleine-blue
167.31,21,73,62,2a4b7c,galaxy-blue
151.54,21,99,62,0f3b57,blue-opal
150.75,21,101,62,293b4d,moonlit-ocean
172.34,21,68,62,00637c,crystal-teal
166.42,21,74,62,5265,deep-lagoon
170.2,21,70,62,254445,sea-moss
170.2,21,70,62,184a45,forest-biome
170.2,21,70,62,15463e,rain-forest
